CREATE DATABASE  IF NOT EXISTS `audiencia_digital_final` /*!40100 DEFAULT CHARACTER SET utf8 */;
USE `audiencia_digital_final`;
-- MySQL dump 10.13  Distrib 5.5.43, for debian-linux-gnu (x86_64)
--
-- Host: 127.0.0.1    Database: audiencia_digital_final
-- ------------------------------------------------------
-- Server version	5.5.43-0ubuntu0.14.04.1

/*!40101 SET @OLD_CHARACTER_SET_CLIENT=@@CHARACTER_SET_CLIENT */;
/*!40101 SET @OLD_CHARACTER_SET_RESULTS=@@CHARACTER_SET_RESULTS */;
/*!40101 SET @OLD_COLLATION_CONNECTION=@@COLLATION_CONNECTION */;
/*!40101 SET NAMES utf8 */;
/*!40103 SET @OLD_TIME_ZONE=@@TIME_ZONE */;
/*!40103 SET TIME_ZONE='+00:00' */;
/*!40014 SET @OLD_UNIQUE_CHECKS=@@UNIQUE_CHECKS, UNIQUE_CHECKS=0 */;
/*!40014 SET @OLD_FOREIGN_KEY_CHECKS=@@FOREIGN_KEY_CHECKS, FOREIGN_KEY_CHECKS=0 */;
/*!40101 SET @OLD_SQL_MODE=@@SQL_MODE, SQL_MODE='NO_AUTO_VALUE_ON_ZERO' */;
/*!40111 SET @OLD_SQL_NOTES=@@SQL_NOTES, SQL_NOTES=0 */;

--
-- Table structure for table `anotacao`
--

DROP TABLE IF EXISTS `anotacao`;
/*!40101 SET @saved_cs_client     = @@character_set_client */;
/*!40101 SET character_set_client = utf8 */;
CREATE TABLE `anotacao` (
  `id` int(11) NOT NULL AUTO_INCREMENT,
  `dsc_anotacao` varchar(500) DEFAULT NULL,
  `num_tempo` double DEFAULT NULL,
  `id_audiencia` int(11) NOT NULL,
  `id_tema` int(11) DEFAULT NULL,
  `id_pessoa` int(11) DEFAULT NULL,
  `flg_publico` int(11) DEFAULT '1',
  `id_usuario` int(11) DEFAULT NULL,
  PRIMARY KEY (`id`),
  KEY `fk_anotacao_audiencia_idx` (`id_audiencia`),
  KEY `fk_anotacao_tema1_idx` (`id_tema`),
  KEY `fk_anotacao_pessoa1_idx` (`id_pessoa`),
  CONSTRAINT `fk_anotacao_audiencia` FOREIGN KEY (`id_audiencia`) REFERENCES `audiencia` (`id`) ON DELETE NO ACTION ON UPDATE NO ACTION,
  CONSTRAINT `fk_anotacao_pessoa1` FOREIGN KEY (`id_pessoa`) REFERENCES `pessoa` (`id`) ON DELETE NO ACTION ON UPDATE NO ACTION,
  CONSTRAINT `fk_anotacao_tema1` FOREIGN KEY (`id_tema`) REFERENCES `tema` (`id`) ON DELETE NO ACTION ON UPDATE NO ACTION
) ENGINE=InnoDB AUTO_INCREMENT=140 DEFAULT CHARSET=utf8;
/*!40101 SET character_set_client = @saved_cs_client */;

--
-- Dumping data for table `anotacao`
--

LOCK TABLES `anotacao` WRITE;
/*!40000 ALTER TABLE `anotacao` DISABLE KEYS */;
INSERT INTO `anotacao` VALUES (1,NULL,0,12,6,34,1,1),(2,NULL,0,12,6,30,1,1),(3,NULL,0,12,8,30,1,1),(4,NULL,0,12,5,30,1,1),(5,NULL,0,12,5,34,1,1),(6,NULL,0,12,5,34,1,1),(7,NULL,0,12,6,30,1,1),(8,NULL,0,12,6,30,1,1),(9,NULL,0,12,6,30,1,1),(10,NULL,0,12,6,30,1,1),(11,NULL,0,12,6,30,1,1),(12,NULL,0,12,6,31,1,1),(13,NULL,0,12,6,31,1,1),(14,NULL,0,12,6,31,1,1),(15,NULL,0,12,6,31,1,1),(16,NULL,0,12,6,31,1,1),(17,NULL,0,12,6,31,1,1),(18,NULL,0,12,6,31,1,1),(19,NULL,0,12,6,31,1,1),(20,NULL,0,12,6,31,1,1),(21,NULL,0,12,6,31,1,1),(22,NULL,0,12,6,30,1,1),(23,NULL,0,12,6,30,1,1),(24,NULL,0,12,6,30,1,1),(25,NULL,0,12,6,30,1,1),(26,NULL,0,12,6,30,1,1),(27,NULL,0,12,6,31,1,1),(28,NULL,0,12,6,31,1,1),(29,NULL,0,12,6,31,1,1),(30,NULL,0,12,6,31,1,1),(31,NULL,0,12,6,31,1,1),(32,NULL,0,12,8,30,1,1),(33,NULL,0,12,8,30,1,1),(34,NULL,0,12,8,30,1,1),(35,NULL,0,12,8,30,1,1),(36,NULL,0,12,8,30,1,1),(37,NULL,0,12,8,30,1,1),(38,NULL,0,12,8,30,1,1),(39,NULL,0,12,8,30,1,1),(40,NULL,0,12,8,30,1,1),(41,NULL,0,12,8,30,1,1),(42,NULL,0,12,8,30,1,1),(43,NULL,0,12,8,30,1,1),(44,NULL,0,12,8,30,1,1),(45,NULL,0,12,6,30,1,1),(46,NULL,0,12,6,30,1,1),(47,NULL,0,12,6,30,1,1),(48,NULL,0,12,6,30,1,1),(49,NULL,0,12,6,30,1,1),(50,NULL,0,12,6,30,1,1),(51,NULL,0,12,5,30,1,1),(52,NULL,0,12,5,30,1,1),(53,NULL,0,12,5,30,1,1),(54,NULL,0,12,5,30,1,1),(55,NULL,0,12,5,30,1,1),(56,NULL,0,12,5,30,1,1),(57,NULL,0,12,5,30,1,1),(58,NULL,0,12,5,25,1,1),(59,NULL,0,12,5,25,1,1),(60,NULL,0,12,5,25,1,1),(61,NULL,0,12,5,25,1,1),(62,NULL,0,12,5,25,1,1),(63,NULL,0,12,5,25,1,1),(64,NULL,0,12,5,25,1,1),(65,NULL,0,12,6,30,1,1),(66,NULL,0,12,6,30,1,1),(67,NULL,0,12,6,30,1,1),(68,NULL,0,12,6,30,1,1),(69,NULL,0,12,6,30,1,1),(70,NULL,0,12,8,30,1,1),(71,NULL,0,12,8,30,1,1),(72,NULL,0,12,8,30,1,1),(73,NULL,0,12,8,30,1,1),(74,NULL,0,12,8,30,1,1),(75,NULL,0,12,8,30,1,1),(76,NULL,0,12,11,31,1,1),(77,NULL,0,12,11,31,1,1),(78,NULL,0,12,11,31,1,1),(79,NULL,0,12,11,31,1,1),(80,NULL,0,12,11,30,1,1),(81,NULL,0,12,11,30,1,1),(82,NULL,0,12,11,30,1,1),(83,NULL,0,12,11,30,1,1),(84,NULL,0,12,11,30,1,1),(85,NULL,0,12,8,30,1,1),(86,NULL,0,12,8,30,1,1),(87,NULL,0,12,8,30,1,1),(88,NULL,0,12,8,30,1,1),(89,NULL,0,12,8,30,1,1),(90,NULL,0,12,8,30,1,1),(91,NULL,0,12,5,30,1,1),(92,NULL,0,12,5,30,1,1),(93,NULL,0,12,5,30,1,1),(94,NULL,0,12,5,30,1,1),(95,NULL,0,12,5,30,1,1),(96,NULL,0,12,5,30,1,1),(97,NULL,0,12,5,30,1,1),(98,NULL,0,12,5,30,1,1),(99,NULL,0,12,5,30,1,1),(100,NULL,0,12,5,30,1,1),(101,NULL,0,12,5,30,1,1),(102,NULL,0,12,5,30,1,1),(103,NULL,0,12,5,30,1,1),(104,NULL,0,12,5,30,1,1),(105,NULL,0,12,5,30,1,1),(106,NULL,0,12,5,30,1,1),(107,NULL,12.750937,12,6,31,1,1),(108,NULL,12.750937,12,6,31,1,1),(109,NULL,19.406488,12,12,31,1,1),(110,NULL,23.454302,12,12,36,1,1),(111,NULL,31.312471,12,19,36,1,1),(112,NULL,0,12,6,30,1,1),(113,NULL,0,12,6,36,1,1),(114,NULL,9.295412,14,20,38,1,1),(115,NULL,17.311273,14,20,38,1,1),(116,NULL,26.702532,14,20,38,1,1),(117,NULL,31.982321,14,20,38,1,1),(118,NULL,39.39002,14,20,38,1,1),(119,NULL,11.311336,15,21,39,1,1),(120,NULL,1000.92651,15,20,39,1,1),(121,NULL,2000.92651,15,20,39,1,1),(122,NULL,5.343838,17,6,42,1,1),(123,NULL,15.77544,17,4,41,1,1),(124,NULL,23.07101,17,22,42,1,1),(125,NULL,32.638661,17,4,41,1,1),(126,NULL,42.798442,17,2,41,1,1),(127,NULL,58.045702,17,2,40,1,1),(128,NULL,73.149166,17,4,42,1,1),(129,NULL,105.948071,17,4,42,1,1),(130,NULL,118.45945,17,4,42,1,1),(131,NULL,123.867279,17,4,41,1,1),(132,NULL,8.95951,19,4,43,1,1),(133,NULL,23.471076,19,4,44,1,1),(134,NULL,31.82276,19,5,44,1,1),(135,NULL,36.446452,19,4,44,1,1),(136,NULL,41.854371,19,4,44,1,1),(137,NULL,46.670111,19,4,44,1,1),(138,NULL,2.943744,15,21,39,1,1),(139,NULL,19.999266,15,21,39,1,1);
/*!40000 ALTER TABLE `anotacao` ENABLE KEYS */;
UNLOCK TABLES;

--
-- Table structure for table `audiencia`
--

DROP TABLE IF EXISTS `audiencia`;
/*!40101 SET @saved_cs_client     = @@character_set_client */;
/*!40101 SET character_set_client = utf8 */;
CREATE TABLE `audiencia` (
  `id` int(11) NOT NULL AUTO_INCREMENT,
  `dsc_audiencia` varchar(100) DEFAULT NULL,
  `nm_processo` varchar(20) DEFAULT NULL,
  `id_juiz` int(11) NOT NULL,
  `id_tipo_audiencia` int(11) NOT NULL,
  `dat_inicio` datetime DEFAULT NULL,
  `dat_fim` datetime DEFAULT NULL,
  PRIMARY KEY (`id`),
  KEY `fk_audiencia_juiz1_idx` (`id_juiz`),
  KEY `fk_audiencia_tipo_audiencia1_idx` (`id_tipo_audiencia`),
  CONSTRAINT `fk_audiencia_juiz1` FOREIGN KEY (`id_juiz`) REFERENCES `juiz` (`id`) ON DELETE NO ACTION ON UPDATE NO ACTION,
  CONSTRAINT `fk_audiencia_tipo_audiencia1` FOREIGN KEY (`id_tipo_audiencia`) REFERENCES `tipo_audiencia` (`id`) ON DELETE NO ACTION ON UPDATE NO ACTION
) ENGINE=InnoDB AUTO_INCREMENT=57 DEFAULT CHARSET=utf8;
/*!40101 SET character_set_client = @saved_cs_client */;

--
-- Dumping data for table `audiencia`
--

LOCK TABLES `audiencia` WRITE;
/*!40000 ALTER TABLE `audiencia` DISABLE KEYS */;
INSERT INTO `audiencia` VALUES (1,'Audiencia Teste','',2,1,NULL,NULL),(2,'asdasdasd','',2,1,NULL,NULL),(3,'asdasdasd','',2,1,NULL,NULL),(4,'asdasdasd','',2,1,NULL,NULL),(5,'asdasdasd','',2,1,NULL,NULL),(6,'asdasd','',6,1,NULL,NULL),(7,'asdasd','',6,1,NULL,NULL),(8,'asdasd','',6,2,NULL,NULL),(9,'asdasd','',6,2,NULL,NULL),(10,'','',9,1,NULL,NULL),(11,'sdasdasdadadasdasdasdasd','',7,2,NULL,NULL),(12,'asdasd','',2,2,NULL,NULL),(13,'','asdasdasd',7,1,NULL,NULL),(14,'gghgj gjgjhgj','',11,2,NULL,NULL),(15,'','464565465',11,1,NULL,NULL),(16,'','',2,2,NULL,NULL),(17,'dasdasdasdasd','',2,2,NULL,NULL),(18,'','xzsss',6,1,NULL,NULL),(19,'sdfsf','',2,2,NULL,NULL),(20,'sdfsf','',2,1,NULL,NULL),(21,'asdasd','',2,2,NULL,NULL),(22,'asdasdasdasd','asdasdas',2,2,NULL,NULL),(23,'asasda','',2,2,NULL,NULL),(24,'asdasd ada asd asdas d','',2,2,NULL,NULL),(25,'asdasd ada asd asdas d','',2,2,NULL,NULL),(26,'asdasdasds','',2,2,NULL,NULL),(27,'','asdasda',2,1,NULL,NULL),(28,'','asdasda',2,1,NULL,NULL),(29,'','asdasda',2,1,NULL,NULL),(30,'','asdasda',2,1,NULL,NULL),(31,'','asdasda',2,1,NULL,NULL),(32,'','jggjhgjhgjhgjh',2,1,NULL,NULL),(33,'','jggjhgjhgjhgjh',2,1,NULL,NULL),(34,'asda','',2,2,NULL,NULL),(35,'asdas','',2,2,NULL,NULL),(36,'','asdasd',2,1,NULL,NULL),(37,'asdsdasdadas','',2,2,NULL,NULL),(38,'asdsdasdadas','',2,2,NULL,NULL),(39,'dsaadsdas','',2,2,NULL,NULL),(40,'','asdsd',2,1,NULL,NULL),(41,'','asdsd',2,1,NULL,NULL),(42,'','asdsd',2,1,NULL,NULL),(43,'','asdsd',2,1,NULL,NULL),(44,'','asdasd',2,1,NULL,NULL),(45,'','asdasd',2,1,NULL,NULL),(46,'','asdasd',2,1,NULL,NULL),(47,'asdasd','',2,2,NULL,NULL),(48,'asdasd','asdasd',2,1,NULL,NULL),(49,'asdasd','asdasd',2,1,NULL,NULL),(50,'asdasd','asdasd',6,2,NULL,NULL),(51,'asdasd','asdasd',2,1,NULL,NULL),(52,'asdasd','asdasd',2,2,NULL,NULL),(53,'asdads','',2,2,NULL,NULL),(54,'asdasdsad','',2,2,NULL,NULL),(55,'asdasdadasdasd','',2,2,NULL,NULL),(56,'sadasda','',2,2,NULL,NULL);
/*!40000 ALTER TABLE `audiencia` ENABLE KEYS */;
UNLOCK TABLES;

--
-- Table structure for table `audiencia_pessoa`
--

DROP TABLE IF EXISTS `audiencia_pessoa`;
/*!40101 SET @saved_cs_client     = @@character_set_client */;
/*!40101 SET character_set_client = utf8 */;
CREATE TABLE `audiencia_pessoa` (
  `id_audiencia` int(11) NOT NULL,
  `id_pessoa` int(11) NOT NULL,
  PRIMARY KEY (`id_audiencia`,`id_pessoa`),
  KEY `fk_audiencia_has_pessoa_pessoa1_idx` (`id_pessoa`),
  KEY `fk_audiencia_has_pessoa_audiencia1_idx` (`id_audiencia`),
  CONSTRAINT `fk_audiencia_has_pessoa_audiencia1` FOREIGN KEY (`id_audiencia`) REFERENCES `audiencia` (`id`) ON DELETE NO ACTION ON UPDATE NO ACTION,
  CONSTRAINT `fk_audiencia_has_pessoa_pessoa1` FOREIGN KEY (`id_pessoa`) REFERENCES `pessoa` (`id`) ON DELETE NO ACTION ON UPDATE NO ACTION
) ENGINE=InnoDB DEFAULT CHARSET=utf8;
/*!40101 SET character_set_client = @saved_cs_client */;

--
-- Dumping data for table `audiencia_pessoa`
--

LOCK TABLES `audiencia_pessoa` WRITE;
/*!40000 ALTER TABLE `audiencia_pessoa` DISABLE KEYS */;
INSERT INTO `audiencia_pessoa` VALUES (12,25),(12,30),(12,31),(12,34),(12,36),(14,37),(14,38),(15,39),(17,40),(17,41),(17,42),(19,43),(19,44),(53,45),(53,46),(55,47);
/*!40000 ALTER TABLE `audiencia_pessoa` ENABLE KEYS */;
UNLOCK TABLES;

--
-- Table structure for table `fila_envio`
--

DROP TABLE IF EXISTS `fila_envio`;
/*!40101 SET @saved_cs_client     = @@character_set_client */;
/*!40101 SET character_set_client = utf8 */;
CREATE TABLE `fila_envio` (
  `id` int(11) NOT NULL AUTO_INCREMENT,
  `id_registro` varchar(45) DEFAULT NULL,
  `tabela` varchar(45) DEFAULT NULL,
  `flg_enviado` int(1) DEFAULT '0',
  PRIMARY KEY (`id`)
) ENGINE=InnoDB AUTO_INCREMENT=291 DEFAULT CHARSET=utf8;
/*!40101 SET character_set_client = @saved_cs_client */;

--
-- Dumping data for table `fila_envio`
--

LOCK TABLES `fila_envio` WRITE;
/*!40000 ALTER TABLE `fila_envio` DISABLE KEYS */;
INSERT INTO `fila_envio` VALUES (1,'1201','multimidia',1),(2,'1202','multimidia',1),(3,'1203','multimidia',1),(4,'1204','multimidia',1),(5,'1205','multimidia',1),(6,'1206','multimidia',1),(7,'1207','multimidia',1),(8,'1208','multimidia',1),(9,'1209','multimidia',1),(10,'1210','multimidia',1),(11,'1211','multimidia',1),(12,'1212','multimidia',1),(13,'1213','multimidia',1),(14,'1214','multimidia',1),(15,'1215','multimidia',1),(16,'1216','multimidia',1),(17,'1217','multimidia',1),(18,'1218','multimidia',1),(19,'1219','multimidia',1),(20,'1220','multimidia',1),(21,'1221','multimidia',1),(22,'1222','multimidia',1),(23,'1223','multimidia',1),(24,'1224','multimidia',1),(25,'1225','multimidia',1),(26,'1226','multimidia',1),(27,'1227','multimidia',1),(28,'1228','multimidia',1),(29,'1229','multimidia',1),(30,'1230','multimidia',1),(31,'1231','multimidia',1),(32,'1232','multimidia',1),(33,'1233','multimidia',1),(34,'1234','multimidia',1),(35,'1235','multimidia',1),(36,'1236','multimidia',1),(37,'1237','multimidia',1),(38,'1238','multimidia',1),(39,'1239','multimidia',1),(40,'1240','multimidia',1),(41,'1241','multimidia',1),(42,'1242','multimidia',1),(43,'1243','multimidia',1),(44,'1244','multimidia',1),(45,'1245','multimidia',1),(46,'1246','multimidia',1),(47,'1247','multimidia',1),(48,'1248','multimidia',1),(49,'1249','multimidia',1),(50,'1250','multimidia',1),(51,'1251','multimidia',1),(52,'1252','multimidia',1),(53,'1253','multimidia',1),(54,'1254','multimidia',1),(55,'1255','multimidia',1),(56,'1256','multimidia',1),(57,'1257','multimidia',1),(58,'1258','multimidia',1),(59,'1259','multimidia',1),(60,'1260','multimidia',1),(61,'1261','multimidia',1),(62,'1262','multimidia',1),(63,'1263','multimidia',1),(64,'1264','multimidia',1),(65,'1265','multimidia',1),(66,'1266','multimidia',1),(67,'1267','multimidia',1),(68,'1268','multimidia',1),(69,'1269','multimidia',1),(70,'1270','multimidia',1),(71,'1271','multimidia',1),(72,'1272','multimidia',1),(73,'1273','multimidia',1),(74,'1274','multimidia',1),(75,'1275','multimidia',1),(76,'1276','multimidia',1),(77,'1277','multimidia',1),(78,'1278','multimidia',1),(79,'1279','multimidia',1),(80,'1280','multimidia',1),(81,'1281','multimidia',1),(82,'1282','multimidia',1),(83,'1283','multimidia',1),(84,'1284','multimidia',1),(85,'1285','multimidia',1),(86,'1286','multimidia',1),(87,'1287','multimidia',1),(88,'1288','multimidia',1),(89,'1289','multimidia',1),(90,'1290','multimidia',1),(91,'1291','multimidia',1),(92,'1292','multimidia',1),(93,'1293','multimidia',1),(94,'1294','multimidia',1),(95,'1295','multimidia',1),(96,'1296','multimidia',1),(97,'1297','multimidia',1),(98,'1298','multimidia',1),(99,'1299','multimidia',1),(100,'1300','multimidia',1),(101,'1301','multimidia',1),(102,'1302','multimidia',1),(103,'1303','multimidia',1),(104,'1304','multimidia',1),(105,'1305','multimidia',1),(106,'1306','multimidia',1),(107,'1307','multimidia',1),(108,'1308','multimidia',1),(109,'1309','multimidia',1),(110,'1310','multimidia',1),(111,'1311','multimidia',1),(112,'1312','multimidia',1),(113,'1313','multimidia',1),(114,'1314','multimidia',1),(115,'1315','multimidia',1),(116,'1316','multimidia',1),(117,'1317','multimidia',1),(118,'1318','multimidia',1),(119,'1319','multimidia',1),(120,'1320','multimidia',1),(121,'1321','multimidia',1),(122,'1322','multimidia',1),(123,'1323','multimidia',1),(124,'1324','multimidia',1),(125,'1325','multimidia',1),(126,'1326','multimidia',1),(127,'1327','multimidia',1),(128,'1328','multimidia',1),(129,'1329','multimidia',1),(130,'1330','multimidia',0),(131,'1331','multimidia',0),(132,'1332','multimidia',0),(133,'1333','multimidia',0),(134,'1334','multimidia',0),(135,'1335','multimidia',0),(136,'1336','multimidia',0),(137,'1337','multimidia',0),(138,'1338','multimidia',0),(139,'1339','multimidia',0),(140,'1340','multimidia',0),(141,'1341','multimidia',0),(142,'1342','multimidia',0),(143,'1343','multimidia',0),(144,'1344','multimidia',0),(145,'1345','multimidia',0),(146,'1346','multimidia',0),(147,'1347','multimidia',0),(148,'1348','multimidia',0),(149,'1349','multimidia',0),(150,'1350','multimidia',0),(151,'1351','multimidia',0),(152,'1352','multimidia',0),(153,'1353','multimidia',0),(154,'1354','multimidia',0),(155,'1355','multimidia',0),(156,'1356','multimidia',0),(157,'1357','multimidia',0),(158,'1358','multimidia',0),(159,'1359','multimidia',0),(160,'1360','multimidia',0),(161,'1361','multimidia',0),(162,'1362','multimidia',0),(163,'1363','multimidia',0),(164,'1364','multimidia',0),(165,'1365','multimidia',0),(166,'1366','multimidia',0),(167,'1367','multimidia',0),(168,'1368','multimidia',0),(169,'1369','multimidia',0),(170,'1370','multimidia',0),(171,'1371','multimidia',0),(172,'1372','multimidia',0),(173,'1373','multimidia',0),(174,'1374','multimidia',0),(175,'1375','multimidia',0),(176,'1376','multimidia',0),(177,'1377','multimidia',0),(178,'1378','multimidia',0),(179,'1379','multimidia',0),(180,'1380','multimidia',0),(181,'1381','multimidia',0),(182,'1382','multimidia',0),(183,'1383','multimidia',0),(184,'1384','multimidia',0),(185,'1385','multimidia',0),(186,'1386','multimidia',0),(187,'1387','multimidia',0),(188,'1388','multimidia',0),(189,'1389','multimidia',0),(190,'1390','multimidia',0),(191,'1391','multimidia',0),(192,'1392','multimidia',0),(193,'1393','multimidia',0),(194,'1394','multimidia',0),(195,'1395','multimidia',0),(196,'1396','multimidia',0),(197,'1397','multimidia',0),(198,'1398','multimidia',0),(199,'1399','multimidia',0),(200,'1400','multimidia',0),(201,'1401','multimidia',0),(202,'1402','multimidia',0),(203,'1403','multimidia',0),(204,'1404','multimidia',0),(205,'1405','multimidia',0),(206,'1406','multimidia',0),(207,'1407','multimidia',0),(208,'1408','multimidia',0),(209,'1409','multimidia',0),(210,'1410','multimidia',0),(211,'1411','multimidia',0),(212,'1412','multimidia',0),(213,'1413','multimidia',0),(214,'1414','multimidia',0),(215,'1415','multimidia',0),(216,'1416','multimidia',0),(217,'1417','multimidia',0),(218,'1418','multimidia',0),(219,'1419','multimidia',0),(220,'1420','multimidia',0),(221,'1421','multimidia',0),(222,'1422','multimidia',0),(223,'1423','multimidia',0),(224,'1424','multimidia',0),(225,'1425','multimidia',0),(226,'1426','multimidia',0),(227,'1427','multimidia',0),(228,'1428','multimidia',0),(229,'1429','multimidia',0),(230,'1430','multimidia',0),(231,'1431','multimidia',0),(232,'1432','multimidia',0),(233,'1433','multimidia',0),(234,'1434','multimidia',0),(235,'1435','multimidia',0),(236,'1436','multimidia',0),(237,'1437','multimidia',0),(238,'1438','multimidia',0),(239,'1439','multimidia',0),(240,'1440','multimidia',0),(241,'1441','multimidia',0),(242,'1442','multimidia',0),(243,'1443','multimidia',0),(244,'1444','multimidia',0),(245,'1445','multimidia',0),(246,'1446','multimidia',0),(247,'1447','multimidia',0),(248,'1448','multimidia',0),(249,'1449','multimidia',0),(250,'1450','multimidia',0),(251,'1451','multimidia',0),(252,'1452','multimidia',0),(253,'1453','multimidia',0),(254,'1454','multimidia',0),(255,'1455','multimidia',0),(256,'1456','multimidia',0),(257,'1457','multimidia',0),(258,'1458','multimidia',0),(259,'1459','multimidia',0),(260,'1460','multimidia',0),(261,'1461','multimidia',0),(262,'1462','multimidia',0),(263,'1463','multimidia',0),(264,'1464','multimidia',0),(265,'1465','multimidia',0),(266,'1466','multimidia',0),(267,'1467','multimidia',0),(268,'1468','multimidia',0),(269,'1469','multimidia',0),(270,'1470','multimidia',0),(271,'1471','multimidia',0),(272,'1472','multimidia',0),(273,'1473','multimidia',0),(274,'1474','multimidia',0),(275,'1475','multimidia',0),(276,'1476','multimidia',0),(277,'1477','multimidia',0),(278,'1478','multimidia',0),(279,'1479','multimidia',0),(280,'1480','multimidia',0),(281,'1481','multimidia',0),(282,'1482','multimidia',0),(283,'1483','multimidia',0),(284,'1484','multimidia',0),(285,'1485','multimidia',0),(286,'1486','multimidia',0),(287,'1487','multimidia',0),(288,'1488','multimidia',0),(289,'1489','multimidia',0),(290,'1490','multimidia',0);
/*!40000 ALTER TABLE `fila_envio` ENABLE KEYS */;
UNLOCK TABLES;

--
-- Table structure for table `juiz`
--

DROP TABLE IF EXISTS `juiz`;
/*!40101 SET @saved_cs_client     = @@character_set_client */;
/*!40101 SET character_set_client = utf8 */;
CREATE TABLE `juiz` (
  `id` int(11) NOT NULL AUTO_INCREMENT,
  `dsc_nome` varchar(100) NOT NULL,
  `num_cpf` varchar(45) DEFAULT NULL,
  `dsc_img` text,
  PRIMARY KEY (`id`)
) ENGINE=InnoDB AUTO_INCREMENT=14 DEFAULT CHARSET=utf8;
/*!40101 SET character_set_client = @saved_cs_client */;

--
-- Dumping data for table `juiz`
--

LOCK TABLES `juiz` WRITE;
/*!40000 ALTER TABLE `juiz` DISABLE KEYS */;
INSERT INTO `juiz` VALUES (2,'Bráulio Gabriel Gusmão','03349971199','https://yt3.ggpht.com/-gDSxayqCdFY/AAAAAAAAAAI/AAAAAAAAAAA/JLuZ_waFjfw/s100-c-k-no/photo.jpg'),(3,'Leonardo','',NULL),(4,'Tiago Cardoso','',NULL),(5,'Tiago Cardoso','',NULL),(6,'asdasdadasd','',NULL),(7,'Ulisses Vaquero','',NULL),(8,'João Elder','',NULL),(9,'Leonardo Lemes','',NULL),(10,'Rosfran Borges','',NULL),(11,'Alex Ribeiro','44088152678',NULL),(12,'adasd','',NULL),(13,'Alex Ribeiro','',NULL);
/*!40000 ALTER TABLE `juiz` ENABLE KEYS */;
UNLOCK TABLES;

--
-- Table structure for table `log`
--

DROP TABLE IF EXISTS `log`;
/*!40101 SET @saved_cs_client     = @@character_set_client */;
/*!40101 SET character_set_client = utf8 */;
CREATE TABLE `log` (
  `id` int(11) NOT NULL AUTO_INCREMENT,
  `tabela` varchar(45) NOT NULL,
  `id_registro` int(11) DEFAULT NULL,
  `id_usuario` int(11) DEFAULT NULL,
  `acao` varchar(20) DEFAULT NULL,
  `hora` datetime DEFAULT NULL,
  PRIMARY KEY (`id`)
) ENGINE=InnoDB AUTO_INCREMENT=2 DEFAULT CHARSET=utf8;
/*!40101 SET character_set_client = @saved_cs_client */;

--
-- Dumping data for table `log`
--

LOCK TABLES `log` WRITE;
/*!40000 ALTER TABLE `log` DISABLE KEYS */;
INSERT INTO `log` VALUES (1,'audiencia',9,1,'save','2015-06-01 13:33:05');
/*!40000 ALTER TABLE `log` ENABLE KEYS */;
UNLOCK TABLES;

--
-- Table structure for table `multimidia`
--

DROP TABLE IF EXISTS `multimidia`;
/*!40101 SET @saved_cs_client     = @@character_set_client */;
/*!40101 SET character_set_client = utf8 */;
CREATE TABLE `multimidia` (
  `id` int(11) NOT NULL AUTO_INCREMENT,
  `dsc_arquivo` varchar(100) DEFAULT NULL,
  `id_audiencia` int(11) NOT NULL,
  `flg_merge` int(11) DEFAULT '0',
  `dsc_caminho_completo` varchar(300) DEFAULT NULL,
  PRIMARY KEY (`id`),
  KEY `fk_multimidia_audiencia1_idx` (`id_audiencia`),
  CONSTRAINT `fk_multimidia_audiencia1` FOREIGN KEY (`id_audiencia`) REFERENCES `audiencia` (`id`) ON DELETE NO ACTION ON UPDATE NO ACTION
) ENGINE=InnoDB AUTO_INCREMENT=1491 DEFAULT CHARSET=utf8;
/*!40101 SET character_set_client = @saved_cs_client */;

--
-- Dumping data for table `multimidia`
--

LOCK TABLES `multimidia` WRITE;
/*!40000 ALTER TABLE `multimidia` DISABLE KEYS */;
INSERT INTO `multimidia` VALUES (1,'5658567eea3bbe2ff42dd66066ca3cbf-m.webm',12,1,NULL),(2,'1b8b7d4a4f59bacbeaef339ec96c4021-m.webm',12,1,NULL),(3,'478f833c8002d5b62406b0009ad946d3-m.webm',12,1,NULL),(4,'2381cdc6a005d00dd8732838168f7c79-m.webm',12,1,NULL),(5,'2fb8af306fbb612198ae22b593599386-m.webm',12,1,NULL),(6,'95d6592265acbeb29bd9a46615130fbd-m.webm',12,1,NULL),(7,'43e8704231c52192999eb6a688198867-m.webm',12,1,NULL),(8,'b7378924a0047208bb48c7730ffe8272.webm',12,1,NULL),(9,'e589a24084477e838a8ee4d413f4751e-m.webm',12,1,NULL),(10,'e3a4ea0c95d5cda4524856b624f08684.webm',12,1,NULL),(11,'e36fa4e9f1a2c424b13b9bc951712966-m.webm',12,1,NULL),(12,'7d902f5ddd5ca4982ec605fb3347db2e-m.webm',12,1,NULL),(13,'13161728c945345f0dd6e9d35b1b7e4c.webm',12,1,NULL),(14,'f473c3a2424ee0a5ba7633ff3f19375e-m.webm',12,1,NULL),(15,'81e3b31d5cc5468c049c18ea5970613e-m.webm',12,1,NULL),(16,'f37c73d8c31e5721bdec07c1ad174656-m.webm',12,1,NULL),(17,'c94e82b9547185273037adcf31aab6e6.webm',12,1,NULL),(18,'b08770d0819ff434a300f271c30a7f04-m.webm',14,1,NULL),(19,'1726f0800313f076b368042c94be7f0a-m.webm',14,1,NULL),(20,'9bd192d85cc9e3db1a2ed753c742e875-m.webm',14,1,NULL),(21,'ea1d86de651a0ced01e5bba7024d5829-m.webm',14,1,NULL),(22,'50a5954ffedbf8ae7427452137b86c86.webm',14,0,NULL),(23,'55262e5259dbcc0983fa4cce35b9b0b0-m.webm',15,1,NULL),(24,'3941eb1bc48a1d07f66767f4313df6be-m.webm',15,1,NULL),(25,'b1791fbb093cfb9249e4dddae98b276f-m.webm',15,1,NULL),(26,'9a4a07cb7506486cbc63f8c46f668383-m.webm',15,1,NULL),(27,'7967c08baaba70df53a81df54c7685e4.webm',15,1,NULL),(28,'6cd0e1725aca7f379d968ad624bc3f33-m.webm',15,1,NULL),(29,'60f909ea717fbd05e84e7363cd668a31.webm',15,1,NULL),(30,'f0f475238821dca920316aef75697361-m.webm',15,1,NULL),(31,'082f9e7ce5d4ba24bb92eb22638aa779.webm',15,1,NULL),(32,'e21806d3f698aff6615a9934534f37a7-m.webm',15,1,NULL),(33,'929df1789d79c7ef234092d4e226e2ad-m.webm',15,1,NULL),(34,'de50bd6da6a47621c275911e8c441875-m.webm',15,1,NULL),(35,'52db8d6b34e595e1cae12939dfa52c0b-m.webm',15,1,NULL),(36,'75e9d13f6a94e0d32254e8f59f0b96ff-m.webm',15,1,NULL),(37,'4c129d27f8dd4648ed439cfab1294b78-m.webm',15,1,NULL),(38,'4a06dc7a1fc3e3323c785aafb4f6e6ba-m.webm',15,1,NULL),(39,'506b0e6bf7986552cf28a562cb511cdf-m.webm',15,1,NULL),(40,'8ac1f9f442e91575f29408752ba7e6d4-m.webm',15,1,NULL),(41,'ff5e171f2697bf3d14d09fe06da629c1-m.webm',15,1,NULL),(42,'87e4ca1a2d0ea38fe4dd93289e0f1a32-m.webm',15,1,NULL),(43,'c8104770eac10b40703b2178ebfa18a1-m.webm',15,1,NULL),(44,'d05cc6bdc994b7733bdc6795a260351e-m.webm',15,1,NULL),(45,'aeec300f1f1f8e7c09579cdb724fbbbf-m.webm',15,1,NULL),(46,'64b3b631b4e832b56cdb78462267bed5-m.webm',15,1,NULL),(47,'4adb95fce39c39c2f7221784510f3b4d-m.webm',15,1,NULL),(48,'e21dcc2fe0e7d8c64b59eb7459c52b5f-m.webm',15,1,NULL),(49,'de50373d1d1a721f77d61f8b646aa903-m.webm',15,1,NULL),(50,'cbb510cc3154e567c85187385dad5a4b-m.webm',15,1,NULL),(51,'e73da83fbbb30d765e9d84abd0f8bf83-m.webm',15,1,NULL),(52,'dd5e9f4045d6cfe364398591efa88dc7-m.webm',15,1,NULL),(53,'69f60ad2a33481a3716e86dab490e760-m.webm',15,1,NULL),(54,'1328d28b4bc88779710b2be342b4214d-m.webm',15,1,NULL),(55,'7b8f0fa179cbe1563adb585dc254ee4e-m.webm',15,1,NULL),(56,'88c65ddd11822374ef85e40509607732-m.webm',15,1,NULL),(57,'044f9b82bfc41a50a2111078e06164aa-m.webm',15,1,NULL),(58,'48ef51765c9d585eccab34d43bd8a385-m.webm',15,1,NULL),(59,'d5eaca512ac8a685343a24d49611385f-m.webm',15,1,NULL),(60,'858b90511a61183bb489e2e698452f3c-m.webm',15,1,NULL),(61,'a7bbcd0233e9ee85067efb5da724013a-m.webm',15,1,NULL),(62,'685987a13278e9cccdeaf1308fef208e-m.webm',15,1,NULL),(63,'f90c7303f3ee6d00ed77934b3fac79d4-m.webm',15,1,NULL),(64,'fff1f48512dfbc6f35707d7c9e889ac4-m.webm',15,1,NULL),(65,'b4106f23a0ca64661153470b680d1723-m.webm',15,1,NULL),(66,'c13f5d4b9c68def1c74a2454942a06bb-m.webm',15,1,NULL),(67,'1a84999b28119f2d4c052d6d5adf9c80-m.webm',15,1,NULL),(68,'c0d4b4b7986e26196bafd68d9b21af34-m.webm',15,1,NULL),(69,'4410c6481ad6050ad995a7681691209b-m.webm',15,1,NULL),(70,'cdf1004d1e4e93cc984be813639481c5-m.webm',15,1,NULL),(71,'d36215c90f5ba2510eeb660c64acc323-m.webm',15,1,NULL),(72,'84edbf21fae9adef78a6b247693b021f-m.webm',15,1,NULL),(73,'4bd5c0f862b902ff2fd938b55b900f70-m.webm',15,1,NULL),(74,'c8b3b45a25cdd907946c60092d8fa717-m.webm',15,1,NULL),(75,'02108e40b9fc28cc30647406739e1f11-m.webm',15,1,NULL),(76,'1873857ecc22a6441342b299fc60b485-m.webm',15,1,NULL),(77,'7919a53c5dc51ad2923c30c28daf9d10-m.webm',15,1,NULL),(78,'c6fd2c8b78337a736df0d0a4ec70c158-m.webm',15,1,NULL),(79,'ade40c5e7eb8cc0f18f4c9479dc6044b-m.webm',15,1,NULL),(80,'da256a801e8073e681785594e3266ef3-m.webm',15,1,NULL),(81,'9185144c09d27679b1adafc1d3dc0739-m.webm',15,1,NULL),(82,'ad8c02dfc4e44340fcc6554fa58acc8e-m.webm',15,1,NULL),(83,'2f29640ffcd170140ad18ae5dc17aaea-m.webm',15,1,NULL),(84,'2b80d7f56d90f265157740cf3bbce1d1-m.webm',15,1,NULL),(85,'fe9d65b51b38e757ace86dc679b5c390-m.webm',15,1,NULL),(86,'867ebc0faaeca97cc36646d1fe64884b-m.webm',15,1,NULL),(87,'0c68b28cfa705c4b6319ccf6207f6ca0-m.webm',15,1,NULL),(88,'54f01a73b297d1584be5632b34d45afa-m.webm',15,1,NULL),(89,'e830d46ffae4270e5ef9b06024626c6c-m.webm',15,1,NULL),(90,'f67ecb8e3833eab6b2a02a719453df70-m.webm',15,1,NULL),(91,'1abe3a3e8d36977ad535a91e1f7c2b0f-m.webm',15,1,NULL),(92,'60553b0c9ceb46963a08fed28b56a91b-m.webm',15,1,NULL),(93,'f26819f17012da94291451a03bc56878-m.webm',15,1,NULL),(94,'d3f49797bdaced729187d92479dc44c4-m.webm',15,1,NULL),(95,'63fad4d83c092eee8c73eaa769794009-m.webm',15,1,NULL),(96,'8160b501a568046635b39c34fc2e5551-m.webm',15,1,NULL),(97,'aee44855d7433d7c8b066d8ba613d8f9-m.webm',15,1,NULL),(98,'1f083b10e06294a145ab6a600d635324-m.webm',15,1,NULL),(99,'723c3fc378e104a15aa8446d3e34d96a-m.webm',15,1,NULL),(100,'c0b62d23022a6160c1c5bc000e8c9c19-m.webm',15,1,NULL),(101,'e97785039a577ce44563d1237c0c165b-m.webm',15,1,NULL),(102,'f5653b2105f171a8054ff17dba2cc8e1-m.webm',15,1,NULL),(103,'d712349803cd97e3bd7707358c78390e-m.webm',15,1,NULL),(104,'b4f50d1d4bd739df890fee2836019148-m.webm',15,1,NULL),(105,'3f3feff886aad615ee10d41f50f9383a-m.webm',15,1,NULL),(106,'3c98eb41740558d455774fca4112331a-m.webm',15,1,NULL),(107,'149866bbbe079bf3b502ab32e301be4b-m.webm',15,1,NULL),(108,'78cb34656f2f715a4cd5c0a57569be49-m.webm',15,1,NULL),(109,'e1cde256611fb53f8863ff63756deb84-m.webm',15,1,NULL),(110,'f1ec128f1cb34a5a06256f08a50425e0-m.webm',15,1,NULL),(111,'0d61d75e87f7f18eb4b11285572d099a-m.webm',15,1,NULL),(112,'3a03d3d10a68ed3f617b3cd4876cf169-m.webm',15,1,NULL),(113,'82afba45ab30018b0132868db5a72d2d-m.webm',15,1,NULL),(114,'8e29829f26fc7c3d73de5f5fd3e8b028-m.webm',15,1,NULL),(115,'b42db0f1fa730089030e8a55cb5f5e8a-m.webm',15,1,NULL),(116,'6b558e7ef5f22fcbfde63569581666ab-m.webm',15,1,NULL),(117,'3a368d291f60150ac4c0be95772b5690-m.webm',15,1,NULL),(118,'b1d69a9c9d9a9f251c8b01f03ac139a0-m.webm',15,1,NULL),(119,'10303ade5ac6a4b3e6bc9a449f92eb77-m.webm',15,1,NULL),(120,'6bad10ca61b3ae8431158afc7e170baf-m.webm',15,1,NULL),(121,'50dfd10ce357b143e6517c4c20b19781-m.webm',15,1,NULL),(122,'4d63e44181319a5db416866c8d647c50-m.webm',15,1,NULL),(123,'d7830c753b7e07239b5d80ede2d34786-m.webm',15,1,NULL),(124,'9b1a39cf37575cedbfe9a44c3ceec1ed-m.webm',15,1,NULL),(125,'44612063711d9bb2cb3cc58d7c780047-m.webm',15,1,NULL),(126,'c9fce0c613258f36d772852c14ff03de-m.webm',15,1,NULL),(127,'bb606ddae60a2e5749b654b2c1e0dca6-m.webm',15,1,NULL),(128,'d546f52449c86fb6e2870684849645c7-m.webm',15,1,NULL),(129,'1c26cbcc4edc35d1dbe0d77cce62b0dd-m.webm',15,1,NULL),(130,'176ceaa5b26b1d50c28670253605cf4e-m.webm',15,1,NULL),(131,'0ca7a97c0dbc620c3aac1f74251a3a5c-m.webm',15,1,NULL),(132,'ae1808e2aebb6efc33e28aad93859953-m.webm',15,1,NULL),(133,'580f587d881982d7dd686c68054e89fc-m.webm',15,1,NULL),(134,'404f00d28c813c48858a3763670908c7-m.webm',15,1,NULL),(135,'9df60b4cf0b99b349f04382415d6bdc0-m.webm',15,1,NULL),(136,'a60cbafa9f565028db157fdaa47d4a5a-m.webm',15,1,NULL),(137,'d2ab38da972b4696d43c090592095b97-m.webm',15,1,NULL),(138,'e2f269495665863df233272ffe19c001-m.webm',15,1,NULL),(139,'f06d29ed854581b66f0b21bc841fe661-m.webm',15,1,NULL),(140,'fe2328af449623b51f26308ed2832718-m.webm',15,1,NULL),(141,'69f2b90119b55fa4b95d13f365997032-m.webm',15,1,NULL),(142,'e7c9521d445aaa30ddd2dad0c22f369a-m.webm',15,1,NULL),(143,'c59164a580bf591d66e5cb7a3ad612cc-m.webm',15,1,NULL),(144,'84616b28023b8ccb838e05af3731a784-m.webm',15,1,NULL),(145,'86aa0126fcbd6b145a63d13091809313-m.webm',15,1,NULL),(146,'f9393da9672172eddb388df75397d82c-m.webm',15,1,NULL),(147,'05fd31f1b7fe427de1c52ddf0e1e6b73-m.webm',15,1,NULL),(148,'19a95d61198446dec31b79463a43e9a1-m.webm',15,1,NULL),(149,'291da7032a9e3d475ff13eadc705cff0-m.webm',15,1,NULL),(150,'61ec346fea141070f2dbf6c896ccdbe4-m.webm',15,1,NULL),(151,'1adc8aa0228b18b3586d848eadb2a537-m.webm',15,1,NULL),(152,'cb350a4af312ea6ccae289cea3d85c19-m.webm',15,1,NULL),(153,'0bbee482a5c82593a88ed4f7ce9cfc39-m.webm',15,1,NULL),(154,'c36f1cf2a8266c54f07743151d4da25f-m.webm',15,1,NULL),(155,'8c73cb5178a25bb8a597fc14985b00cb-m.webm',15,1,NULL),(156,'d4300441359214b6d717b5f4b765ffbe-m.webm',15,1,NULL),(157,'1014371d4f817145a0516c01124e5a87-m.webm',15,1,NULL),(158,'2fed5f159f832ddffe4b631619997bee-m.webm',15,1,NULL),(159,'6f896a30bf98677cbe2af47f96c175fc-m.webm',15,1,NULL),(160,'a91b8024664f93bf19a32a04e47192ce-m.webm',15,1,NULL),(161,'67caf6df7770b5ad3497533594263133-m.webm',15,1,NULL),(162,'8ec69ff512e46e8c11382a3d6fcbc612-m.webm',15,1,NULL),(163,'ae7200e433e609de3115158238cd46e1-m.webm',15,1,NULL),(164,'55d558b7f4e5570b2be006d82fd4cf22-m.webm',15,1,NULL),(165,'f8d3cf000c061513bbfa1f6284a31c15-m.webm',15,1,NULL),(166,'73b7a90137fa1f9b9cc3f1355e865451-m.webm',15,1,NULL),(167,'f5507414b14551ef71212f187835693e-m.webm',15,1,NULL),(168,'d914bb74a48724b2ba613776fd3de52f-m.webm',15,1,NULL),(169,'d14e423b6fbfdc373a4195268401f223-m.webm',15,1,NULL),(170,'6aaef14f622f17173c57c71bbdd499f7-m.webm',15,1,NULL),(171,'17d6b71b5c5557c8ab4bf9ccd79e7f72-m.webm',15,1,NULL),(172,'8667fc2a97a7a087f86c265a26200621-m.webm',15,1,NULL),(173,'eeb44e7f7afebd25c4255887bb77b109-m.webm',15,1,NULL),(174,'4c42f2c019e3fc407b7059d0bc0c7ff0-m.webm',15,1,NULL),(175,'b7aad89f80e4d40a4015e0542159460a-m.webm',15,1,NULL),(176,'72d400088373487c3d1fbb74790db96a-m.webm',15,1,NULL),(177,'782383b2e6f376a3fab6133de4701c3d-m.webm',15,1,NULL),(178,'aa734ec9104d8f31a0592372ed940fc4-m.webm',15,1,NULL),(179,'d5046f73c5488be5ec853467418e5a0e-m.webm',15,1,NULL),(180,'2744c111c446b203dc6aeee121237d70-m.webm',15,1,NULL),(181,'b33246beee2067aaafffb421c08cea70-m.webm',15,1,NULL),(182,'9d5f737503e0a19996ad154912a9c32e-m.webm',15,1,NULL),(183,'fed256b931421be1ec49b49007087cf7-m.webm',15,1,NULL),(184,'e83c92acb1b681c36cc6974b46e6db5c-m.webm',15,1,NULL),(185,'530a33593e3d34f348e525d55fc06e3f-m.webm',15,1,NULL),(186,'8863344b9484840c2c33976770c979d2-m.webm',15,1,NULL),(187,'14b8be74c3f1c8d0bb0f247d66d81fac-m.webm',15,1,NULL),(188,'d4fb67611839a3f9a4055269d7c76a36-m.webm',15,1,NULL),(189,'28d9d72fd9e0fefa03a86a8ddeda8dd6-m.webm',15,1,NULL),(190,'8eef30c9d7fb85afb1da6fec728fea0d-m.webm',15,1,NULL),(191,'3a12b691b734d44965c78d77cff2da63-m.webm',15,1,NULL),(192,'4820320b7b3cf7935bb963d534f2dde4-m.webm',15,1,NULL),(193,'f60edfc9510cb250ec6fddef85289e0d-m.webm',15,1,NULL),(194,'b156c9f1ad3c932a2f490d663c0addd0-m.webm',15,1,NULL),(195,'ab7c8c9c2e169f5dd99a327bbc50c2b1-m.webm',15,1,NULL),(196,'c5d3c78de3d151dc15f7ac9cede5b9e9-m.webm',15,1,NULL),(197,'1714da83fd69513323db538046276436-m.webm',15,1,NULL),(198,'28b2a923a7b202d447e18e6fe4e4f04c-m.webm',15,1,NULL),(199,'6f8de8777dab1b3a21ac99449c665b7e-m.webm',15,1,NULL),(200,'a91f1bd2165dd882a5fa785bf8e09268-m.webm',15,1,NULL),(201,'4011432732a6c8a90c6a120c0ac34281-m.webm',15,1,NULL),(202,'5a42e58b2875d2eac19b74bb36aab8e9-m.webm',15,1,NULL),(203,'c7d170828b8d9026afb04879a49c1641-m.webm',15,1,NULL),(204,'02828e6e45b1b04c1fb7dc327a702b0b-m.webm',15,1,NULL),(205,'1ac85a2890591772997f86430fe82b8e-m.webm',15,1,NULL),(206,'27ec897b5d1d9054b64e100b3bf17be4-m.webm',15,1,NULL),(207,'967448cc644a9386b80a6ef15ed80fd5-m.webm',15,1,NULL),(208,'330090d8955e606c51d3e87bb7c99d00-m.webm',15,1,NULL),(209,'ebd64eb0e5010d3b0bc7412fe2e338fa-m.webm',15,1,NULL),(210,'bd880eef53b0770ac3c85332f098bc5c-m.webm',15,1,NULL),(211,'953c85b58568ceb5ecad6dd862834717-m.webm',15,1,NULL),(212,'8f1c839c1d8aa92b918d62cf5e894a42-m.webm',15,1,NULL),(213,'20687e858f617b89a47d75f435ad8db7-m.webm',15,1,NULL),(214,'79928f929a48b0a6e09ff98659325a1a-m.webm',15,1,NULL),(215,'2acc46aedb07bcd3ec5830048132a582-m.webm',15,1,NULL),(216,'7217efe8d24aeb64faa1d734f87f72e9-m.webm',15,1,NULL),(217,'37bcf2d11556b48770692e84102b56b5-m.webm',15,1,NULL),(218,'4e8bab83ff06b391af5956908770263a-m.webm',15,1,NULL),(219,'760783f7504811899b44b033835550c4-m.webm',15,1,NULL),(220,'2986ce18d1e1aa17a65755ec5a3089e1-m.webm',15,1,NULL),(221,'8874ade4f6f53590e8b9f0c13a4ef78b-m.webm',15,1,NULL),(222,'b1ff86f9f50f656b9a4851abcc17ba38-m.webm',15,1,NULL),(223,'b61c138961813be2ae072ca47d0883ef-m.webm',15,1,NULL),(224,'1f87bca1088204ad7600718ccb6ad56a-m.webm',15,1,NULL),(225,'81db55a56f0f2131597383f6c6045b17-m.webm',15,1,NULL),(226,'e1345546ffd5e8fa7da8c0a4ed8e33d0-m.webm',15,1,NULL),(227,'c04f35c92750df8b902991ec5794a61d-m.webm',15,1,NULL),(228,'671a457e083a62df21dae7c74356a3cf-m.webm',15,1,NULL),(229,'3402f950325d831324fc74e0d7fcf25c-m.webm',15,1,NULL),(230,'f349d6eb8a06e9a3414b99ebc015d405-m.webm',15,1,NULL),(231,'471ce748454832db3dc7af0dd469b3c5-m.webm',15,1,NULL),(232,'c9b6aa989dbab33f0b12ef34ea9f5505-m.webm',15,1,NULL),(233,'1114866849f1992bb3d67fc38e187915-m.webm',15,1,NULL),(234,'9298b730c796bb0454052c846bab9ba7-m.webm',15,1,NULL),(235,'9768c68d3abe04d5c451ae8c4eff51eb-m.webm',15,1,NULL),(236,'ba4869b0addeff436868d731752adba5-m.webm',15,1,NULL),(237,'660b514325811f81412bcdbcdd2affbe-m.webm',15,1,NULL),(238,'3863295dd77d8d47a47f7c565e9d926c-m.webm',15,1,NULL),(239,'cf00f462594868820746e2b1b43c6e4a-m.webm',15,1,NULL),(240,'098b893e45a0246123b54a53be7de623-m.webm',15,1,NULL),(241,'a23c922f52879086491d96b46220496d-m.webm',15,1,NULL),(242,'7c8567882e746deb857f4487ab3484ec-m.webm',15,1,NULL),(243,'2732646717d14e4c924cca6002ea1ca5-m.webm',15,1,NULL),(244,'513ae7f3b72de6e079e27c3a954f9fa8-m.webm',15,1,NULL),(245,'dd0d4e5e4c7e47fdb09c05057927e8ce-m.webm',15,1,NULL),(246,'3aeb3a34bfd7daa2ca99b040d85692fb-m.webm',15,1,NULL),(247,'ef0868f5e86ad0d8e27eeefd29cde16c-m.webm',15,1,NULL),(248,'9ed3fa1b1e1a7b4c7bf40ddd2ad7e9d3-m.webm',15,1,NULL),(249,'48587248c26c42a1a91722ef6a24d420-m.webm',15,1,NULL),(250,'14c09e8d0962fcb4d9ea8f1404f10ec5-m.webm',15,1,NULL),(251,'02e6578f58796d45cbb6af44e418a288-m.webm',15,1,NULL),(252,'b79dc0f6b6d033a071e0accf0009be15-m.webm',15,1,NULL),(253,'6b121a7f4a72f5adb62dcc780bdda95b-m.webm',15,1,NULL),(254,'f0c5b9378b2d1ea19f2200c64487cc51-m.webm',15,1,NULL),(255,'0298f591e1e5f01c5dd5b1c429b61f48-m.webm',15,1,NULL),(256,'59bd8767c947708f85e3d8a48d5b7315-m.webm',15,1,NULL),(257,'d9eb7c1835bf69537bcf5e33054dfb08-m.webm',15,1,NULL),(258,'7753e41c323f84469b77693e4118d649-m.webm',15,1,NULL),(259,'7e978dc095c405ee49d7979a054b9fc0-m.webm',15,1,NULL),(260,'cad31a9c728d6b47e004c2e5db124603-m.webm',15,1,NULL),(261,'e8bfd9d6201ae85c81a69d31a92289d6-m.webm',15,1,NULL),(262,'c844dbd31f662102037374153982c473-m.webm',15,1,NULL),(263,'9305643ae8125c8708c6374b657bc5bf-m.webm',15,1,NULL),(264,'1405e9081232dec98ca0055747d1e449-m.webm',15,1,NULL),(265,'5765aada0afeb7240afd44d934545ea9-m.webm',15,1,NULL),(266,'a48dc7099eaa16025b8e75cd0c423f98-m.webm',15,1,NULL),(267,'29fb2d0051878166db543b11403afee3-m.webm',15,1,NULL),(268,'b5b6ffd3860b10c605daf3326f93340b-m.webm',15,1,NULL),(269,'1c82deae49256ec39d5fd4de63d23c77-m.webm',15,1,NULL),(270,'9a2e4128501d137dd73a39c3f35161ed-m.webm',15,1,NULL),(271,'e26e84b00ce16cee37ccde7d3ef356ec-m.webm',15,1,NULL),(272,'8d02ce31cd4a15182d86cbf34f867734-m.webm',15,1,NULL),(273,'4833839156a7fa9bc3810c3f5f68781e-m.webm',15,1,NULL),(274,'3d07bd42184def6a93f0338452ab08e5-m.webm',15,1,NULL),(275,'6c794725f05f5b58b9f50b3acf9f6b43-m.webm',15,1,NULL),(276,'f5eab1f54ea95d32a2664cbcdce42070-m.webm',15,1,NULL),(277,'bda0a30c7cd32dc23f913e15c3ed2611-m.webm',15,1,NULL),(278,'93e928cd555d3613f2565270c9555202-m.webm',15,1,NULL),(279,'2d77a35c9242f8f0d3f226dbb6ad745e-m.webm',15,1,NULL),(280,'08d40fe45f704041cd2adfa2764238c3-m.webm',15,1,NULL),(281,'1c53d50abfc7110a7ac5c86fbdb5440b-m.webm',15,1,NULL),(282,'040f8e13ee196ab1ba67e246fe0e9fb4-m.webm',15,1,NULL),(283,'037651b960d16b297e8b6fa20841b74b-m.webm',15,1,NULL),(284,'9f29ab271180d2850b54f696f20b5ee6-m.webm',15,1,NULL),(285,'234eb98469e728ec5118daa7d10889bc-m.webm',15,1,NULL),(286,'dd75474ce8575aa1ecf550fc65d9ab06-m.webm',15,1,NULL),(287,'5662f3f581cdb38f00c84019b6ebc08c-m.webm',15,1,NULL),(288,'6ef33606837bf4ef1f44816d0304c657-m.webm',15,1,NULL),(289,'3bab7098fbf1be803725b96d2f8a1ab9-m.webm',15,1,NULL),(290,'181c260e675fa267a7ffb70853ae5487-m.webm',15,1,NULL),(291,'3093ae1247ecb8817fa1c076883ccca8-m.webm',15,1,NULL),(292,'d23fcb7277e224fba89e778d3f2f5ada-m.webm',15,1,NULL),(293,'26d242e2ef89ecf8eb2d5b4256fbdd3d-m.webm',15,1,NULL),(294,'839ac6eb8f5df798c05b31a98bb2c34f-m.webm',15,1,NULL),(295,'91982b378d3d7268befa7a94ce8a2389-m.webm',15,1,NULL),(296,'264da06427d3b41dd34afbddc5512291-m.webm',15,1,NULL),(297,'3460326323244276c1fd3e14b5611c83-m.webm',15,1,NULL),(298,'30b7e3b8f6f45314e94cc83d92d4b3dc-m.webm',15,1,NULL),(299,'1ae8781f469aeb81beb7cae57c28a9ef-m.webm',15,1,NULL),(300,'b78bd1d2be8dd0151d26b5661d2ef888-m.webm',15,1,NULL),(301,'b55f1efa47263fef00c62c8495950f83-m.webm',15,1,NULL),(302,'9b314c57052bff14a4768c79aebdf254-m.webm',15,1,NULL),(303,'3cfff07f5d5758cd48dfcd32b0685492-m.webm',15,1,NULL),(304,'7428a1dda6f3845142696e064257e739-m.webm',15,1,NULL),(305,'f30a6a0d39bd73213379ec766a6025fc-m.webm',15,1,NULL),(306,'25ba5e2742d8e539502d1d7c092514c6-m.webm',15,1,NULL),(307,'0d5479085131968ac25faa1373a2ac49-m.webm',15,1,NULL),(308,'55a005f390995e7ab3494828629a1d37-m.webm',15,1,NULL),(309,'273ecea7580d7fcc5a7bfd9e31ac278d-m.webm',15,1,NULL),(310,'c775f2efdae08bca81fcd1dd040810ee-m.webm',15,1,NULL),(311,'0a7b9dac2a6908176e463257e5430726-m.webm',15,1,NULL),(312,'d67c39f70dd88edfc546196e932fe873-m.webm',15,1,NULL),(313,'9b27236c10c09e293cc8b33ed035b86b-m.webm',15,1,NULL),(314,'d65eea0ebced9b312d82ab464587c3f3-m.webm',15,1,NULL),(315,'61d6ba375d4f7f97f7dd6cd83c4ac8d3-m.webm',15,1,NULL),(316,'8c4f289703b969847809b62d9957c1e6-m.webm',15,1,NULL),(317,'c6e89b3e6950e0af1a1d2400c1726fde-m.webm',15,1,NULL),(318,'d987df8e7c30f50d1693652d578b16cf-m.webm',15,1,NULL),(319,'59c72745b379ddd54a579dc8bb1697c1-m.webm',15,1,NULL),(320,'f42f1fc8c959e39cecc515e75c06e075-m.webm',15,1,NULL),(321,'7effac23cea49274bf342c873c7811bf-m.webm',15,1,NULL),(322,'a4b2259a5f8f93defd1a37f4bd8437df-m.webm',15,1,NULL),(323,'490bab794fd5c23047bd33289e04d932-m.webm',15,1,NULL),(324,'8e34bd890832207a1593b56019de7bc7-m.webm',15,1,NULL),(325,'a7265c68392f24492bb11acd42417510-m.webm',15,1,NULL),(326,'edf39e8a586224bb21c6ac960543f724-m.webm',15,1,NULL),(327,'3f29238758d831526d804cac1a47e563-m.webm',15,1,NULL),(328,'d58592d5bea4e9029e630fd96d303d96-m.webm',15,1,NULL),(329,'74aa7c466415e42f7673b93a67fe42d8-m.webm',15,1,NULL),(330,'ec110f98c382a469916e49b1a4c79f0f-m.webm',15,1,NULL),(331,'48a8aedf5c0c552e69491b3833bc7b97-m.webm',15,1,NULL),(332,'50023856741597d7db50e05d7992d7ea-m.webm',15,1,NULL),(333,'f1e91a968db2299acedaa9777f489c7f-m.webm',15,1,NULL),(334,'9cd56ea0f83cfb8ec4ff44609a58035a-m.webm',15,1,NULL),(335,'5d8efcc04b189f8b9c53332ac57bf66c-m.webm',15,1,NULL),(336,'841449bae900f1fe002a7b356d811aae-m.webm',15,1,NULL),(337,'77e9e4aa6d4840b7f012acff0982614e-m.webm',15,1,NULL),(338,'9889045a41b8307f153ba3fb6723aa90-m.webm',15,1,NULL),(339,'004ddb8c5b3527f59a788d9d648adce8-m.webm',15,1,NULL),(340,'e8bd6185bbbcfe280396a8c9c70e2656-m.webm',15,1,NULL),(341,'e1780d49ac509eb6516ee626ced7612d-m.webm',15,1,NULL),(342,'156f3b8df874223273ee7374f6998a49-m.webm',15,1,NULL),(343,'bc774c9c2054b3ed5ff1f0ad38907e2b-m.webm',15,1,NULL),(344,'4602688d2dbc62aac8b5224d14f8aa16-m.webm',15,1,NULL),(345,'83c7f723bd66c1f0b8306294162447d3-m.webm',15,1,NULL),(346,'c12a00be9e3016119be7fed940124410-m.webm',15,1,NULL),(347,'833e9693c2bc2561712266549ce1b963-m.webm',15,1,NULL),(348,'985c420f2255768e029678fef8f9789b-m.webm',15,1,NULL),(349,'33a93735f6e739e100c37241cafdcb02-m.webm',15,1,NULL),(350,'95e4138b8f8da908008d95b729a4db16-m.webm',15,1,NULL),(351,'e695209ead8fc6f1b94e943bcf1aaf88-m.webm',15,1,NULL),(352,'ed79488beed357236596952c2c8c3d37-m.webm',15,1,NULL),(353,'91a68c0cc75b8ddb2ee531a073f0dc32-m.webm',15,1,NULL),(354,'c370576877f87c11c7cc354d9a367342-m.webm',15,1,NULL),(355,'12c1116a7d3a33d0b383b5354e3c3518-m.webm',15,1,NULL),(356,'42d50f1bba4c3b19a88f030165d7ce07-m.webm',15,1,NULL),(357,'75e469d7e609beca07b20c4d80558db7-m.webm',15,1,NULL),(358,'ee9c0cdebbc0a6a48b8320b1594e7a51-m.webm',15,1,NULL),(359,'ad85e84d1f3890622aafdc6fec38055c-m.webm',15,1,NULL),(360,'ef2dffc6ab5d4b17dac393fba7982aab-m.webm',15,1,NULL),(361,'4319631d505e280a1ab0f48838608ba3-m.webm',15,1,NULL),(362,'187504a1f089c1690e473c7587387e76-m.webm',15,1,NULL),(363,'fd72ce9ca479a0f77a6e25c2bdbe8b13-m.webm',15,1,NULL),(364,'be7186e21bd06c73a7267accb2f6b22c-m.webm',15,1,NULL),(365,'4a368f67fc23725b813af9e0d94c1189-m.webm',15,1,NULL),(366,'049f8919c354890e00cdda265ef5a59a-m.webm',15,1,NULL),(367,'853d2a9779dc36cf8456df7dde7f0b8d-m.webm',15,1,NULL),(368,'155239a269d3aa5a1b0d41b0059f0f40-m.webm',15,1,NULL),(369,'f53600fbe5561b986ccd521b54097a3e-m.webm',15,1,NULL),(370,'6d79c8f1315f7b9c30aa4e59128c874b-m.webm',15,1,NULL),(371,'e95391278b041b5c7d4a1b263df76aef-m.webm',15,1,NULL),(372,'408f36341a0c9dd3cba918d9f1803a82-m.webm',15,1,NULL),(373,'b4ffd5e2025d2cb8228529ceb757cc00-m.webm',15,1,NULL),(374,'0265550974677fb9487d4af358242216-m.webm',15,1,NULL),(375,'7286c58f46ff53c7c3e7c2eec2ae4580-m.webm',15,1,NULL),(376,'d7f8843d0c0b676ab0c4b4e060c160ba-m.webm',15,1,NULL),(377,'b0f49063e1e69009d248129597885402-m.webm',15,1,NULL),(378,'5c2ad8c5d0309ed76e52807018f533b5-m.webm',15,1,NULL),(379,'a7da333d5448992808665892764d8320-m.webm',15,1,NULL),(380,'b718fe1a1ae1771b906e4f7e555cb95c-m.webm',15,1,NULL),(381,'79236e2e1638bdaebeac46a70229132f-m.webm',15,1,NULL),(382,'7d4ce90a1151c6481ed92dd6109712b3-m.webm',15,1,NULL),(383,'48f4284a6dbef779c1ba6b8973abf603-m.webm',15,1,NULL),(384,'91713f083e3948e7755a770684b3d17c-m.webm',15,1,NULL),(385,'886898ba952e5d2fba7e0a74c0e9b991-m.webm',15,1,NULL),(386,'89165a9fcf2085cf91475cee17361069-m.webm',15,1,NULL),(387,'eb71be747873bb41fb1035df3544ef57-m.webm',15,1,NULL),(388,'90afbc38d4c077ed848fbd3a35020afe-m.webm',15,1,NULL),(389,'73681ed7b68eb59a04eac41250b529d8-m.webm',15,1,NULL),(390,'63bc8ec0ad11f7e961afa6edbdb29bea-m.webm',15,1,NULL),(391,'4b45b176d3a934d36cb901f0f278ca93-m.webm',15,1,NULL),(392,'504c5d4884b4b52101e26cbda36d0770-m.webm',15,1,NULL),(393,'9665004ff56425b8d2c0d04f417c4bf5-m.webm',15,1,NULL),(394,'00bc5f276e55439d349e38988ac83153-m.webm',15,1,NULL),(395,'a560f208b60e724f233735f519fedd6b-m.webm',15,1,NULL),(396,'8fac52f61963a6b5f43556311696d55b-m.webm',15,1,NULL),(397,'d6a4081e1ce9fe9ab55801a4c2977208-m.webm',15,1,NULL),(398,'6c03f9177c7a230721d0c396f00e578e-m.webm',15,1,NULL),(399,'a403eab024b4d454570032de469880c7-m.webm',15,1,NULL),(400,'08a72452ba3593dc5915944a6639d289-m.webm',15,1,NULL),(401,'db6193bbafa3dd1adcc356d0223a61d5-m.webm',15,1,NULL),(402,'2fa3f880745ee0de14fb9f03c27728b7-m.webm',15,1,NULL),(403,'5db4cb2ba3b80b1cf663518a8dbf1039-m.webm',15,1,NULL),(404,'f0679cef637384009eb3b253b539cd73-m.webm',15,1,NULL),(405,'5c48e4da0919a803b14e14f9feef306c-m.webm',15,1,NULL),(406,'0d458b594decfc14527f12673a8a5d79-m.webm',15,1,NULL),(407,'18267675185b2a9ec2dade41d7facd82-m.webm',15,1,NULL),(408,'4f47d1bffe423d1ca14f604393d076a1-m.webm',15,1,NULL),(409,'37ce7c156789bdef12b1d8e4ec61ea58-m.webm',15,1,NULL),(410,'6a42c4a7634025003eb5b85de44455de-m.webm',15,1,NULL),(411,'2be9aa936f6308a573671e48b3f60c8d-m.webm',15,1,NULL),(412,'f75f2000030cfa81c40b636241d88aeb-m.webm',15,1,NULL),(413,'eb5b313df1a3644da2b4705215b198c3-m.webm',15,1,NULL),(414,'f88ab6bdf5cfd0e44813dbce57c57d8c-m.webm',15,1,NULL),(415,'0ae1d2c3484c02125b54ff56f94d7ce4-m.webm',15,1,NULL),(416,'f58213c027964b74ad33e23c4da123e2-m.webm',15,1,NULL),(417,'9a58523cb17e797cd89786723d66e30c-m.webm',15,1,NULL),(418,'6c8da1576d52b627a470616ce84437f0-m.webm',15,1,NULL),(419,'b94e877a5f028afc6d3be73d7ff66d09-m.webm',15,1,NULL),(420,'28eedacf1ccdbc4a0755eacae22ec9fc-m.webm',15,1,NULL),(421,'cb366f19e7b1ca3d6e87a122f7da5551-m.webm',15,1,NULL),(422,'522633fab2949e870d47eaf43b280940-m.webm',15,1,NULL),(423,'2d53428340f12bc1fbf4525e768a42c3-m.webm',15,1,NULL),(424,'db2e7d0bcb10579d872723f421d75f2d-m.webm',15,1,NULL),(425,'942bc511799a16be6a1e0199fa576a2c-m.webm',15,1,NULL),(426,'6f93bc665af574723c99a60e984d0c14-m.webm',15,1,NULL),(427,'25fac181b4b3832445d53d5c64098a15-m.webm',15,1,NULL),(428,'65ff621dbad064f45b7fa4e7f1fba08d-m.webm',15,1,NULL),(429,'e5c7ae6a2f558061263b8a8ee32d713c-m.webm',15,1,NULL),(430,'cd5db3eb6427238b2339b27339b360f2-m.webm',15,1,NULL),(431,'4b70db70bc8720ae12e4994a1e7fc0f1-m.webm',15,1,NULL),(432,'a3ef752ff1968c9d3ffd9698fe49bd36-m.webm',15,1,NULL),(433,'a26ca9ec6b31e548c749f330ab0e8124-m.webm',15,1,NULL),(434,'ecb571b50af57667de5040277968af2c-m.webm',15,1,NULL),(435,'1c75205d40460c23ba574c273a549aa2-m.webm',15,1,NULL),(436,'a63c57d2eaa0561aab1a2e3448d56512-m.webm',15,1,NULL),(437,'748a4e23841449b729d99127311dcff7-m.webm',15,1,NULL),(438,'01fff903f3a437464d5f9871f490be5a-m.webm',15,1,NULL),(439,'6386957a414c687f4afaa1511fc6c16f-m.webm',15,1,NULL),(440,'4434f8803327b794811da128399982fe-m.webm',15,1,NULL),(441,'605bf0a90e3bab28b3ef35d5320ae082-m.webm',15,1,NULL),(442,'f095435f6a01e1a3426a07d05bc5cfc9-m.webm',15,1,NULL),(443,'20cfc3ea8470bc4970231ca69a550bb7-m.webm',15,1,NULL),(444,'373088b8274bb7db202063a79864003b-m.webm',15,1,NULL),(445,'177f7023967d77c4aa25744ba71bf945-m.webm',15,1,NULL),(446,'0d22b11b5dfacf8317983cbf9db54806-m.webm',15,1,NULL),(447,'ec70829e1189db04082582f38025a5f2-m.webm',15,1,NULL),(448,'8ccfd08b87a226ad39c9c9a3a99f0be4-m.webm',15,1,NULL),(449,'fc4a834c0d77f49a6729d426e5a78679-m.webm',15,1,NULL),(450,'612a424235bd38699e475dd97f55af5f-m.webm',15,1,NULL),(451,'2e3dcbb03ee3dae1b0dea53f2c3d8e03-m.webm',15,1,NULL),(452,'6097538ccc3861af2ad8bb907409da34-m.webm',15,1,NULL),(453,'ba6c9a8a7d79ffea762291f86d883838-m.webm',15,1,NULL),(454,'352d8ea33648a3c40c2c5e5f1e21addd-m.webm',15,1,NULL),(455,'e71db39e5c8767d8eb601f8c8202b9de-m.webm',15,1,NULL),(456,'42893461f953e229aa97d7330d5f7a3f-m.webm',15,1,NULL),(457,'834ad3fb5b086980319695eafdea35a3-m.webm',15,1,NULL),(458,'5fc64221df8c1263cb5d5ce104c9c640-m.webm',15,1,NULL),(459,'ddf3f82e0a973a44a4028074d055f92b-m.webm',15,1,NULL),(460,'448c38e2df800022d3a24af06fef5e8a-m.webm',15,1,NULL),(461,'5af2ae959211e7d9fbf65cf69238fcbe-m.webm',15,1,NULL),(462,'61aa53900814b9459b3e571a915956c7-m.webm',15,1,NULL),(463,'9efc564b64e0f6a03cb26c8a8ce16ff8-m.webm',15,1,NULL),(464,'80bed90f09015e6a93c518b9d6dc96cc-m.webm',15,1,NULL),(465,'bda20695ccf9f1a374306415b02a6a4d-m.webm',15,1,NULL),(466,'8fd6eb7891135e046cfce937fc05c410-m.webm',15,1,NULL),(467,'747b015c0c89d571ae4507bdddd651d0-m.webm',15,1,NULL),(468,'19a92469e9a29720a242e45b571893c7-m.webm',15,1,NULL),(469,'9691c5b7cf03a61072e6c22dfef6ee95-m.webm',15,1,NULL),(470,'e24df1df077d02009d91824fb2fb5774-m.webm',15,1,NULL),(471,'247a76aa8b6656c35002e88c9d4fe201-m.webm',15,1,NULL),(472,'fffb5ace68228e25c2c476c06d2dd702-m.webm',15,1,NULL),(473,'9137896d3603e73e8487089dbe5a6be0-m.webm',15,1,NULL),(474,'bfea33059e102462713984197ca5436c-m.webm',15,1,NULL),(475,'f1f71ecb6a6466e8e55806dee842564e-m.webm',15,1,NULL),(476,'0c89d5abe3cb4d191452608ae24a45a9-m.webm',15,1,NULL),(477,'57f73aa9042df15c8ca67beb41200eef-m.webm',15,1,NULL),(478,'b7aa917fc841537d42ae11041b56ef36-m.webm',15,1,NULL),(479,'db8cf564a1dcb62a6ee86da5f95f000b-m.webm',15,1,NULL),(480,'95a57225c5bf9f8ab67b6abb65028cd5-m.webm',15,1,NULL),(481,'c8fb6ee76698dca28ae2aad1c273f76d-m.webm',15,1,NULL),(482,'e0dfd839417d5086a1082026e7aa426e-m.webm',15,1,NULL),(483,'8a1664d90c1a953204b76d0f70ad78a4-m.webm',15,1,NULL),(484,'da3f0c8851ef1b5d38edb21c88d47828-m.webm',15,1,NULL),(485,'645f8f0ca10975885c1377bdd20fd411-m.webm',15,1,NULL),(486,'0cde6321a861cff0367b2a359a83dd7e-m.webm',15,1,NULL),(487,'afd4c6afbab45ddc5f248c83581f9fe9-m.webm',15,1,NULL),(488,'80037d9593641813e026004e2cfc4670-m.webm',15,1,NULL),(489,'ad74e671735c7b252d421fff1d303243-m.webm',15,1,NULL),(490,'1eda4ebe6d796bfda57c035251c94377-m.webm',15,1,NULL),(491,'6f915ca8c0bd177733f416de103ccdb1-m.webm',15,1,NULL),(492,'4eb610db933dddd1617ecda87c88b6b5-m.webm',15,1,NULL),(493,'a751b1e5fa76a4fe6bfb2550c2fbc3de-m.webm',15,1,NULL),(494,'d72d931ba0ddfbdcc8e5a918c46f535b-m.webm',15,1,NULL),(495,'94e3b79a6aca5c0e40ebb6ec2305dcc2-m.webm',15,1,NULL),(496,'84ac4aface79fc6029bd04839b2650d5-m.webm',15,1,NULL),(497,'13ac621ba7289f615ee5af9288cdae38-m.webm',15,1,NULL),(498,'14488215d2fbfbaf6f2dedd12ef9bf0d-m.webm',15,1,NULL),(499,'abf90f44a1465d54e890c677c9d111f8-m.webm',15,1,NULL),(500,'1b7301797c586515daa2f6619ac55386-m.webm',15,1,NULL),(501,'84fef37c77897da770f73e8b063a3307-m.webm',15,1,NULL),(502,'a2ea9e8fe3333e8c4efa82320cf405de-m.webm',15,1,NULL),(503,'a475d69f39b5f355d8d00fe99e02e2bd-m.webm',15,1,NULL),(504,'30db940ccc0263bb9a1ff41a3a529b8f-m.webm',15,1,NULL),(505,'6cd9cd8dfa1d8796e9cda2b1793f0d33-m.webm',15,1,NULL),(506,'1e3d69ad9505c727710f3d6336215c9b-m.webm',15,1,NULL),(507,'0f52e8b5fb9ddd991f78431ab67abdd7-m.webm',15,1,NULL),(508,'e9e1494f20086aeda7500fc4c2af507d-m.webm',15,1,NULL),(509,'b8b76e2ea9ab225826a8b317a01d1955-m.webm',15,1,NULL),(510,'701b926fa6578b7fa9c36622c938c22c-m.webm',15,1,NULL),(511,'6a6c296494261f7d614bf7ee7e1f7e78-m.webm',15,1,NULL),(512,'0504236ee7c0649a964d3f87fef23d42-m.webm',15,1,NULL),(513,'dada4c1a122548acd89040d97a31fe5b-m.webm',15,1,NULL),(514,'5cb27d538da29963e6d7b555bab6ad69-m.webm',15,1,NULL),(515,'ad1c36fe60ed2c9e039fb616d88f095e-m.webm',15,1,NULL),(516,'bf9d13226fb05faf7641c75c36dc9c65-m.webm',15,1,NULL),(517,'a70f1e3e5080b9a3e61bf431a2c3af1a-m.webm',15,1,NULL),(518,'c551bf144c229e77a3e46af1373136e3-m.webm',15,1,NULL),(519,'46ce1a7d04f1e7ca91889348cc0d8650-m.webm',15,1,NULL),(520,'0a2767e6108d42ae3252b01845b33251-m.webm',15,1,NULL),(521,'e08b426a683747584d2856e302e0ff9f-m.webm',15,1,NULL),(522,'4928d099e45f7bec2726e445af524964-m.webm',15,1,NULL),(523,'7a6ed02460edff2a657e2d7b3880968a-m.webm',15,1,NULL),(524,'84192f65acfc0f581848dc40ae699144-m.webm',15,1,NULL),(525,'801343b0274ad564c042063fbcb5965f-m.webm',15,1,NULL),(526,'4938f2924fbf2bf69e96f57a6b7607dc-m.webm',15,1,NULL),(527,'a92e55f46ba22f4f91522d61e3f95e54-m.webm',15,1,NULL),(528,'1d1e74971057a96a72be770fc08e3213-m.webm',15,1,NULL),(529,'442ed6324a798b153056635d6d28074b-m.webm',15,1,NULL),(530,'d9a47e0564a183a6e46c0cd9b299f80f-m.webm',15,1,NULL),(531,'6a94208ca75a9b0e2d8124aa72fbbe6e-m.webm',15,1,NULL),(532,'ad9c82f5112f017f633b317733d699d7-m.webm',15,1,NULL),(533,'edbe51f9a7266421d04368642f120797-m.webm',15,1,NULL),(534,'bcba1bcc36ce3fb07a3fc37b28f1784d-m.webm',15,1,NULL),(535,'07175fbfc70256136fcac978974450ce-m.webm',15,1,NULL),(536,'8ef9ace3d58778a8fc1edf2c1f6633db-m.webm',15,1,NULL),(537,'d40f6b374ea8b85cea975fe548d50a08-m.webm',15,1,NULL),(538,'546f2ce6073610308557864e21ab40e8-m.webm',15,1,NULL),(539,'ec91ee21ab8c3462cb5df4c36b73e2ac-m.webm',15,1,NULL),(540,'322f06538d0b3a06c2327e17be95d84a-m.webm',15,1,NULL),(541,'7e3a802a7b6c50011022eb03deb8ce7e-m.webm',15,1,NULL),(542,'9c72d81cabf00813bbcdf4341aa541fa-m.webm',15,1,NULL),(543,'51d0400d242cd3e14c4364087bb5592a-m.webm',15,1,NULL),(544,'673b094e8422183116d6c6c5fcd912ca-m.webm',15,1,NULL),(545,'04e26b86da979885179657ffa745b278-m.webm',15,1,NULL),(546,'25ebcb2c739f444a89013d39528f64cf-m.webm',15,1,NULL),(547,'34a7b1e949e21a9762926dbd5a5a0e3b-m.webm',15,1,NULL),(548,'8b8a1dabb8df78f40790bd611ca8556e-m.webm',15,1,NULL),(549,'df632b0067cdd8c9c3cddcaef4dea6c7-m.webm',15,1,NULL),(550,'019d40917efa8787fe7a41630965eec7-m.webm',15,1,NULL),(551,'a5744e8bd6f192ade57b3cf36758c822-m.webm',15,1,NULL),(552,'c2e1c5cf87809812b3f749bca33067e9-m.webm',15,1,NULL),(553,'9e2f3425aca1f8a0e35141e54a4b0bda-m.webm',15,1,NULL),(554,'c409a3a86d5416a7636cd10da35d9798-m.webm',15,1,NULL),(555,'08f93d1e836976763067180204cb0659-m.webm',15,1,NULL),(556,'46840f0aede6612640ea2650090eb510-m.webm',15,1,NULL),(557,'133902f7a234ceb219975a6e6d80ffd6-m.webm',15,1,NULL),(558,'263d4f609eba67ebf5a78cb6448ef0ea-m.webm',15,1,NULL),(559,'02c41b495efcc3523a1b5cf4c774eb07-m.webm',15,1,NULL),(560,'3141fc67a03b43ff63b8d4faa49f6cb6-m.webm',15,1,NULL),(561,'cac4d255f81852c4a8893d1fe63c59bb-m.webm',15,1,NULL),(562,'643093c418c08cda5bcc9c5df00b6815-m.webm',15,1,NULL),(563,'bb5ffb855de3b2f35de6b55eb1db6310-m.webm',15,1,NULL),(564,'5a41076e9fe83cc51d329c9c5f6aac29-m.webm',15,1,NULL),(565,'0e984486afb7ae76596a4a055f49c4ad-m.webm',15,1,NULL),(566,'4c7595623bbc339de4ccd8236e342c63-m.webm',15,1,NULL),(567,'30d6d50764bd4f4194e97597de4a0b06-m.webm',15,1,NULL),(568,'cea98e144813eca42f0c6a5c3aa437e4-m.webm',15,1,NULL),(569,'47930463c636e1f566368d06d002fc05-m.webm',15,1,NULL),(570,'2f4fc69be384cdcbaae78b9ab7c5bc04-m.webm',15,1,NULL),(571,'63bd4b4d1189bfaabbc5720f227ac30d-m.webm',15,1,NULL),(572,'eb828f078096bd5481b39af05c391e14-m.webm',15,1,NULL),(573,'c695ee549c25542f0f0111ed5262c0a2-m.webm',15,1,NULL),(574,'5cafbf64b7570dc380a5e4fe823be766-m.webm',15,1,NULL),(575,'3587ccad855d474deeebba59f19c07a9-m.webm',15,1,NULL),(576,'60579568877400c98a31e9801fe9880b-m.webm',15,1,NULL),(577,'a5e9065020b31a4e7cbde65c2a3cfe79-m.webm',15,1,NULL),(578,'9800ba5b9158d610bf31a3515cc68262-m.webm',15,1,NULL),(579,'99f773cacf7938e9214e69c79c411270-m.webm',15,1,NULL),(580,'d6f7fd39f8da56155bb6f47823ab9f1c-m.webm',15,1,NULL),(581,'b80502697dbb03bbbf1dcacf2e0bace6-m.webm',15,1,NULL),(582,'5d784354563fa69457b1e096326e2310-m.webm',15,1,NULL),(583,'64167a831e705bfeb24466480adadb27-m.webm',15,1,NULL),(584,'8becbf536274c845863d3581c77ffe3d-m.webm',15,1,NULL),(585,'a6b668a39bea02149778354793aded93-m.webm',15,1,NULL),(586,'fdf86ee5e93c13254cfdaf7da6b62763-m.webm',15,1,NULL),(587,'e0b1057a45c6da14dd3e02d226a880a3-m.webm',15,1,NULL),(588,'dced905ce06c65653a5b713829f63a43-m.webm',15,1,NULL),(589,'7511f1bfd6703ef8dd40de3dca15fee0-m.webm',15,1,NULL),(590,'e18d844821e2831300f5ccaefb858079-m.webm',15,1,NULL),(591,'95ffb77f5db81de521067e425137705e-m.webm',15,1,NULL),(592,'40155af4854675aed7115d0a4556f94c-m.webm',15,1,NULL),(593,'7c87d3312488a53dadeb1babeab6018c-m.webm',15,1,NULL),(594,'86730819a26f99cbc577db8b977bafff-m.webm',15,1,NULL),(595,'1fb5d83e149e15de6150e5000ad37538-m.webm',15,1,NULL),(596,'35063ed034c8a9a493df2c690c437044-m.webm',15,1,NULL),(597,'6f42af782acc32b908e11ad42a36355d-m.webm',15,1,NULL),(598,'96e3c7d40b8585188feb848cf5bd6328-m.webm',15,1,NULL),(599,'a079637e427f49a09167e206783b49a5-m.webm',15,1,NULL),(600,'ebba65425491846375dd5e63c1956a43-m.webm',15,1,NULL),(601,'9a6d764b90d67aca23ba3b021baa94a1-m.webm',15,1,NULL),(602,'76a5a615d9e88f6c5e305678eb811767-m.webm',15,1,NULL),(603,'c527b10443f9aecd5cba18c80e1ae7bb-m.webm',15,1,NULL),(604,'6a5bb634b13eaa4d55377d5118d4f834-m.webm',15,1,NULL),(605,'1f0d043fbefa9b7a510d1dc18c74dd4a-m.webm',15,1,NULL),(606,'daf05eb346903a93481528e9b1888a7c-m.webm',15,1,NULL),(607,'e8dff0ef78b2707b30582e912145241a-m.webm',15,1,NULL),(608,'d187095a451d278d5e6e973dce688397-m.webm',15,1,NULL),(609,'4dd1eba24bddf1e447fb14052c9aa045-m.webm',15,1,NULL),(610,'1b63807f07be998ba6328cd7df978811-m.webm',15,1,NULL),(611,'bf6a45e89edaedd8d2652d2d74d1645c-m.webm',15,1,NULL),(612,'176ddd932e3eb8c5dce3e97baa6e8dde-m.webm',15,1,NULL),(613,'80d51166fd088cd463c59e3f0b15cad0-m.webm',15,1,NULL),(614,'a03ef7f7d8ec4409f5ee560ca08a1731-m.webm',15,1,NULL),(615,'90b4eb74d0ae9bca3c4e7420ee2f8fb4-m.webm',15,1,NULL),(616,'bd34e4a08409096418a3227764be6ee2-m.webm',15,1,NULL),(617,'a61e9359f5a93de120ea4b0eb47007b8-m.webm',15,1,NULL),(618,'0200f5dd0753fade1f8423b3f9f41922-m.webm',15,1,NULL),(619,'3151987a11ec2450fc7e3850ea58463a-m.webm',15,1,NULL),(620,'70edad3e972e31b15027da583198ee26-m.webm',15,1,NULL),(621,'e61a94b0f42e5d054449c36bf78a8453-m.webm',15,1,NULL),(622,'2f23083913e44a92e05308794bfe2c4d-m.webm',15,1,NULL),(623,'a1d4d30a3d2ba2523a396a51c409c447-m.webm',15,1,NULL),(624,'cfcbe217265162e6fcb945fc8dd284e1-m.webm',15,1,NULL),(625,'2600eb69ba14b2317f607947ed95807a-m.webm',15,1,NULL),(626,'03342cb7c1f9c6c7a0b9221a55f75c40-m.webm',15,1,NULL),(627,'49abd01201f78f53766ab8e60a3c1f2d-m.webm',15,1,NULL),(628,'4383cf3e976ddab49a8a3c6331082077-m.webm',15,1,NULL),(629,'53dafb5846cd664d687e1d51d735ded9-m.webm',15,1,NULL),(630,'b93b7dfebbd5d013d43c4f8d32166547-m.webm',15,1,NULL),(631,'7693a8e6726d564243580ffda3ec83bd-m.webm',15,1,NULL),(632,'1762ad7c471754fa6f1e7b7d04b44a23-m.webm',15,1,NULL),(633,'092e71ffc906a9cdd4a7dc7b42f8c308-m.webm',15,1,NULL),(634,'e9f5893ac12dfa3f3e9e0821ebed4737-m.webm',15,1,NULL),(635,'3c33f9484a0b295d8bb68ced53df60dc-m.webm',15,1,NULL),(636,'3db9b3d65fa7468b6409d1fc901e46c6-m.webm',15,1,NULL),(637,'0ae084ba323f3dc7c687d00023ae4740-m.webm',15,1,NULL),(638,'91d61dc22adc13dd212b0991535890b1-m.webm',15,1,NULL),(639,'c327b0b3be52a6df7f587c821565c181-m.webm',15,1,NULL),(640,'7cd74815f44ad17913664dced2bbfaba-m.webm',15,1,NULL),(641,'dd7df794ba4d7373e851659845192bfd-m.webm',15,1,NULL),(642,'f21a0ed4a81bb6ba9f2be594aace3b7b-m.webm',15,1,NULL),(643,'de5ad1474ef074e58df84d2e3422894a-m.webm',15,1,NULL),(644,'1a5e6988fddbc40fff22a960480e4a04-m.webm',15,1,NULL),(645,'0b23da00c7b9dd5ac9459098bb215a0f-m.webm',15,1,NULL),(646,'f6a7e396377e0d627c837ed32d8156e0-m.webm',15,1,NULL),(647,'72ae3ad634785c5753a98d0c0a4bbe3d-m.webm',15,1,NULL),(648,'a2db4a90df462637a15ad29f752bce51-m.webm',15,1,NULL),(649,'5c107a6db07003e2109274fe4cd95ec5-m.webm',15,1,NULL),(650,'ab60040fe3089e39a117d9e231bdc9c6-m.webm',15,1,NULL),(651,'33856986fc8492a389a6ac1d055b1807-m.webm',15,1,NULL),(652,'0deedbded6dc8e8ac6bfa81ec1d39a9b-m.webm',15,1,NULL),(653,'ee0a908248f8c2124eeb31b9a95a0d15-m.webm',15,1,NULL),(654,'202fe1c92f12b88f6e77bec9d8d6f97d-m.webm',15,1,NULL),(655,'2b0fc47dc97e510638b6d10eb04475cc-m.webm',15,1,NULL),(656,'e2c1cf0f70310edcccb2436ee3acee40-m.webm',15,1,NULL),(657,'da8211f677782dd813f353781e517535-m.webm',15,1,NULL),(658,'821945346e87ebf79e84c463e971c25c-m.webm',15,1,NULL),(659,'b51b826558b720edb1d82e1c120d1f46-m.webm',15,1,NULL),(660,'34b2ba6bd4b2ee2568b6a755f2b46d22-m.webm',15,1,NULL),(661,'1d494b1467082171044f1768092db9fa-m.webm',15,1,NULL),(662,'e72e2383597ac163617f8adb81eabccd-m.webm',15,1,NULL),(663,'553c8c5fa9e560d1a9495ef66fbb61c9-m.webm',15,1,NULL),(664,'1ace1970e4d96b841a4c8ee5c41f2d3f-m.webm',15,1,NULL),(665,'6351dcd518e424b4b580de68f6942113-m.webm',15,1,NULL),(666,'0bd919156ab898233dea5fc9388a0fda-m.webm',15,1,NULL),(667,'50b947f23c3882b8a9f694216501ee20-m.webm',15,1,NULL),(668,'62cb8a75374980f05cd9f7f441cbd721-m.webm',15,1,NULL),(669,'a3b7afc920c07e190b208eb6e0e3dde7-m.webm',15,1,NULL),(670,'180c9495a58b245d4377d1709172d042-m.webm',15,1,NULL),(671,'9f7ed6e54d7c76738f2b05e465e82445-m.webm',15,1,NULL),(672,'f9624d17940bdfafefa11c4d2f333ab8-m.webm',15,1,NULL),(673,'4af4abb6c89a618a810b0587bfc2236c-m.webm',15,1,NULL),(674,'7fdaf293913debac2d2696d53226ed99-m.webm',15,1,NULL),(675,'eb0c03b04c87a377fc5ffef95dc29628-m.webm',15,1,NULL),(676,'a6f01370a820dde3a27c56e1957367d3-m.webm',15,1,NULL),(677,'8de31013b32582c3a2adf7ab8157aaa6-m.webm',15,1,NULL),(678,'b293a2cc2ad78d8248bf3105dc5bddfc-m.webm',15,1,NULL),(679,'d0fceb8bd7f2b94a30ddb4ef1ffc6f67-m.webm',15,1,NULL),(680,'3339d9d16567a89db09527bbf5d91650-m.webm',15,1,NULL),(681,'c7f0a4e00b41cacf090465efc1b4e3ac-m.webm',15,1,NULL),(682,'2b45b3e54cac62622432f078457e1638-m.webm',15,1,NULL),(683,'1fc2f2350a93a7c6ac7c56ddeac5d337-m.webm',15,1,NULL),(684,'ff06c5c9049d0764dc967e98793eb001-m.webm',15,1,NULL),(685,'38de95b367177b54ee6fbe22efdfa426-m.webm',15,1,NULL),(686,'efd08bad7712810007491a5682a4789f-m.webm',15,1,NULL),(687,'0e61a462ce5a8ec63b1b35e0e58e81ba-m.webm',15,1,NULL),(688,'4b0c4cc68f91e10f093b585e5dc2876a-m.webm',15,1,NULL),(689,'672b29124c7912abcf03835c42dc4eb6-m.webm',15,1,NULL),(690,'35f4545438a5540128b9d30cfbb209c0-m.webm',15,1,NULL),(691,'c89d9869cf30d61e636cda03a52dacf1-m.webm',15,1,NULL),(692,'f8eae9cff9176ee7acd015c5b4d347e6-m.webm',15,1,NULL),(693,'631d7a8ec94aa6603e1fc3902652ab41-m.webm',15,1,NULL),(694,'d744d03b317e2be6c2e6339e06e01c95-m.webm',15,1,NULL),(695,'39be8ebc493ea59c4556bb6500d30b1c-m.webm',15,1,NULL),(696,'dbdb82d75ffbc089ae06eb51ef4b59df-m.webm',15,1,NULL),(697,'16086f30353e69d16a69c7cce5601412-m.webm',15,1,NULL),(698,'4e4089137282361a28585209526c8140-m.webm',15,1,NULL),(699,'0d0746d078b640d9d9e1aceb3f84ed29-m.webm',15,1,NULL),(700,'ce5a60cb5c365743ecd016409211eefc-m.webm',15,1,NULL),(701,'efd2a7da63b889fae8fad33289dfa7ef-m.webm',15,1,NULL),(702,'c16f08b3c1e0bb6885e095eda15119a6-m.webm',15,1,NULL),(703,'ff90b519cfb7ec772e3140456dc2de35-m.webm',15,1,NULL),(704,'ef68bf699825e870a61144bee481b8f7-m.webm',15,1,NULL),(705,'cdd1b1542d17206d418fde8b7a0beda0-m.webm',15,1,NULL),(706,'5174322c4f91524034eb74edf5b51be3-m.webm',15,1,NULL),(707,'15ff1c7d6fe456755c2fce2a7e4cf4b5-m.webm',15,1,NULL),(708,'7775c54d60244386a4fd186f15985101-m.webm',15,1,NULL),(709,'ffb9a7b3b170ee09c051c5a1506fdc30-m.webm',15,1,NULL),(710,'1810fba3a0aaf675e5036c298cc1dd62-m.webm',15,1,NULL),(711,'2335238bc2282680177960bacacf1c56-m.webm',15,1,NULL),(712,'5599ca0885159c6e64dd76d0926d6ba7-m.webm',15,1,NULL),(713,'ac794168e49493b8d5be5f5347028161-m.webm',15,1,NULL),(714,'61bf21de73a9d48c988a158f085243d0-m.webm',15,1,NULL),(715,'c16e478901e161aff5427c8dc48b12dd-m.webm',15,1,NULL),(716,'ea51f83f4db3f298ffe693eeba055cbe-m.webm',15,1,NULL),(717,'bfe4cbf704d6a2fa19d2c1a6f55b31b4-m.webm',15,1,NULL),(718,'d071b023b6c95dc089024b396410a703-m.webm',15,1,NULL),(719,'459851c9ad90ffedb2c4f05eaa9d5803-m.webm',15,1,NULL),(720,'02f431c7b5a83ad254ee3d05fefe3ddf-m.webm',15,1,NULL),(721,'caa802cf533cb665ef35ab86d59613cd-m.webm',15,1,NULL),(722,'2b1601b26ea3f35783041cf5221419e4-m.webm',15,1,NULL),(723,'b781ba1c9d0b58d8fa4693ddede8d2f1-m.webm',15,1,NULL),(724,'3a37c167d5dd20857c2dbccedaa630a3-m.webm',15,1,NULL),(725,'a6e9eb4011d251eb79b2946e689b53a8-m.webm',15,1,NULL),(726,'b89789a7978ebaf709e44e942479a5cb-m.webm',15,1,NULL),(727,'05f93d8ab9a725ddd593b86186c237b0-m.webm',15,1,NULL),(728,'1a1e8b0b802b2ed6240ac2e289cd8831-m.webm',15,1,NULL),(729,'0c20d6ed4ce6a6f01ce0ce5f0acef7ac-m.webm',15,1,NULL),(730,'41542535eef8a5ed3559649f7312bf73-m.webm',15,1,NULL),(731,'5742eef8a0808171e0de2180e4a287e0-m.webm',15,1,NULL),(732,'d43d469c912445521e289da2a1b00856-m.webm',15,1,NULL),(733,'ddbaeaf5a50ba4ce1c429617ea44dfd0-m.webm',15,1,NULL),(734,'dd588341eb1549688161021b7074dad4-m.webm',15,1,NULL),(735,'d54d89598955f87fffd171471463688b-m.webm',15,1,NULL),(736,'ccc50a0e30c16a3982e965351abd2860-m.webm',15,1,NULL),(737,'c2038145279f7f4aa3f7792fbf6f8fd0-m.webm',15,1,NULL),(738,'34edbd55bca191c48cd4480fad0d6341-m.webm',15,1,NULL),(739,'454fc0099e7b4e25822baed769d128e0-m.webm',15,1,NULL),(740,'023d926bc5d18493151dd31bd3e26802-m.webm',15,1,NULL),(741,'ea648da4c25558a1cd9e4cbed2e2039f-m.webm',15,1,NULL),(742,'fe3b51293c854da177dd6432e9dd2c10-m.webm',15,1,NULL),(743,'9604558d1c9fd51b211a0a7a1b5def03-m.webm',15,1,NULL),(744,'1d757a02a420bf64d2b84cfe720ee882-m.webm',15,1,NULL),(745,'f37d25eaf4ee2a37bb3c1c363f6e1632-m.webm',15,1,NULL),(746,'c9c450a1a41ad5ae93df6c62393f3627-m.webm',15,1,NULL),(747,'2221d1ed0b984e9cb8c45fbd8029ffb3-m.webm',15,1,NULL),(748,'b6c560953f91b487cbdf83bec5f8513b-m.webm',15,1,NULL),(749,'65d83a92ebaca4f877ca893184c20067-m.webm',15,1,NULL),(750,'293bff85d94e4857df29c3e8837c5f0c-m.webm',15,1,NULL),(751,'1c8c89739c74ee31ac59c5738b78d5e7-m.webm',15,1,NULL),(752,'5619d8d718b27af4d986418193bb2083-m.webm',15,1,NULL),(753,'8b4c34a23b314f525782fb97f7502761-m.webm',15,1,NULL),(754,'8f4dccf262a4543c73f3f3646a37ce68-m.webm',15,1,NULL),(755,'a8b94bb85195d7987d1aa149c8620ca0-m.webm',15,1,NULL),(756,'a16ebe39d2919bbd8a222579a79262dd-m.webm',15,1,NULL),(757,'a406a381601ff8af9436701742cbdc68-m.webm',15,1,NULL),(758,'0aae6c8a64cc17e7da436b4ea66dfb34-m.webm',15,1,NULL),(759,'8c97ac864bcf5bdd003ae7b01fc51d84-m.webm',15,1,NULL),(760,'4e556a8bcb3cad115a66c2b081175f18-m.webm',15,1,NULL),(761,'d2dcabac8ddec088367c19b63b53b989-m.webm',15,1,NULL),(762,'91d05d4263b64fe403fee43e94470d41-m.webm',15,1,NULL),(763,'47bd90304e33c64736f2a80dee696533-m.webm',15,1,NULL),(764,'fa2c5445ee8cf72c23ee5e407bc9735a-m.webm',15,1,NULL),(765,'28c3c5f44cc91c41da81a3495d251d60-m.webm',15,1,NULL),(766,'6193dc957652ea7ae5883e029e2fe536-m.webm',15,1,NULL),(767,'c9fe56ae870ad2f59331d878742c082c-m.webm',15,1,NULL),(768,'fae3ab02dc6e2fcffaa1729237fbba75-m.webm',15,1,NULL),(769,'49055fed8f8c319d80132a9639d695cb-m.webm',15,1,NULL),(770,'f0ac8475af9d21d4232b19dff54dc803-m.webm',15,1,NULL),(771,'64b1b424e7491ab7afa6c42784fb1016-m.webm',15,1,NULL),(772,'6f3e9e0804bca9859d73d7677e7bbdc0-m.webm',15,1,NULL),(773,'a3b00d663551b52367bb120e68a839e4-m.webm',15,1,NULL),(774,'a3d5c06545e5d63d7e09a8c416ecb6ee-m.webm',15,1,NULL),(775,'cd6154d9ab83b5460f11721220464d41-m.webm',15,1,NULL),(776,'06e770a52e68cce01fac7a8089683e56-m.webm',15,1,NULL),(777,'20c969c418bab4d93136cfa8c027fe2e-m.webm',15,1,NULL),(778,'201dbbe41ebae0474aa33c4dea6a8006-m.webm',15,1,NULL),(779,'7dfbf28ceb687e6d1ec883543e39956d-m.webm',15,1,NULL),(780,'3ebabcdb372eeaed7559dd7accd9f5b4-m.webm',15,1,NULL),(781,'0576c1c540f0536c96f790d2a563735c-m.webm',15,1,NULL),(782,'a2417f34fffe9f9b118d50986d2c6e57-m.webm',15,1,NULL),(783,'819e60afd5239c929941b9e88d92fb13-m.webm',15,1,NULL),(784,'c868e8c9fdaf81effaed644a5b67d788-m.webm',15,1,NULL),(785,'15662d6eeb696384c49b8ae76b37d56b-m.webm',15,1,NULL),(786,'653e60901fd32834b7e9287db900ec67-m.webm',15,1,NULL),(787,'72080f8ff1c00923229c8e68cbe31880-m.webm',15,1,NULL),(788,'2915f21ac112a699cf05badef524102a-m.webm',15,1,NULL),(789,'548c51590c6858237d27f691d2f4d2ed-m.webm',15,1,NULL),(790,'2b01bb3a07c108f662b56a2a71b1e179-m.webm',15,1,NULL),(791,'17edc170d47375332b5d2f47bf9a2741-m.webm',15,1,NULL),(792,'1019f9c551193720c9c49e9dbab8de8c-m.webm',15,1,NULL),(793,'2f9286522057ef725cd41abac698d4c4-m.webm',15,1,NULL),(794,'a97918afbb4cfd874d321792315ac981-m.webm',15,1,NULL),(795,'b1a74f38c708a7280a001b30aa83d7c6-m.webm',15,1,NULL),(796,'0015c77a65f84e72614ddcf47a1d0133-m.webm',15,1,NULL),(797,'77d696375d98503ac3e29f1e87107ce6-m.webm',15,1,NULL),(798,'a313911416953483150e8871023baf32-m.webm',15,1,NULL),(799,'05d9cf7b7829975f2c849371163b3cb3-m.webm',15,1,NULL),(800,'134e8e2ce037213f3748b37f80b72fa4-m.webm',15,1,NULL),(801,'9dcb44c875df221407ef494095b45f78-m.webm',15,1,NULL),(802,'f10a6d6dec85a68906fe69905a0d04bf-m.webm',15,1,NULL),(803,'7b9790229c3ce142d198e6544434ec14-m.webm',15,1,NULL),(804,'df37e78ac20d5bb9e53529e93fedf104-m.webm',15,1,NULL),(805,'810aa93e3318367e670f2cd8b8877603-m.webm',15,1,NULL),(806,'3ed76233f79ce3348162653c317b81fc-m.webm',15,1,NULL),(807,'ad81ab997d3c5e90eddb117592091baf-m.webm',15,1,NULL),(808,'ff80be1f800365fdb70b73826adf9844-m.webm',15,1,NULL),(809,'a6341e866f1b7944cc60e86ad54e643f-m.webm',15,1,NULL),(810,'c3c142c23cc57521be38c67ac4c43c53-m.webm',15,1,NULL),(811,'14f3c6e0f6ddc4ee16521325ee546672-m.webm',15,1,NULL),(812,'f42ee7f00c64bd485245328a2440e4f5-m.webm',15,1,NULL),(813,'55f031b66c41696c9d42847d893f7f5e-m.webm',15,1,NULL),(814,'c62dffa87079ad788e716fcf9256ea72-m.webm',15,1,NULL),(815,'b1ed54e25a865c496e5a03f6c1054bd3-m.webm',15,1,NULL),(816,'cf9fc35fbcef6264350c93c3428f4450-m.webm',15,1,NULL),(817,'64d830410ebacf1a6adfef0df6403acb-m.webm',15,1,NULL),(818,'7988918b9d85bbfa238e70896e5ee4f3-m.webm',15,1,NULL),(819,'cfd07e47b00b48e7a4cf0b2cb4fc27e0-m.webm',15,1,NULL),(820,'19c25d02d7a722302e4271f1024e0702-m.webm',15,1,NULL),(821,'aad13590e7c263e22f59fba491376da5-m.webm',15,1,NULL),(822,'b441e9d139c008443fa74bf70f76f477-m.webm',15,1,NULL),(823,'9b2cf3e26c489df2bebb295fceefb925-m.webm',15,1,NULL),(824,'6cfe05302233a74709606cc23fc4787e-m.webm',15,1,NULL),(825,'f45257332490eae0df7285ab2d2778ec-m.webm',15,1,NULL),(826,'af4eb73623e79ea200270f7636301038-m.webm',15,1,NULL),(827,'0c7de263e66fe01c1aa6f6923e5d84a9-m.webm',15,1,NULL),(828,'fed68516893c990be52c7ea615dd750a-m.webm',15,1,NULL),(829,'c9a63af291b3826f71de8e31716710a8-m.webm',15,1,NULL),(830,'d9d60d42bc1e9f779871cbfa6bba82a7-m.webm',15,1,NULL),(831,'7971a6c9b712500bbe6616e7913db864-m.webm',15,1,NULL),(832,'7da9f07f3ab768446d4cbc26cf2ab8f1-m.webm',15,1,NULL),(833,'1b4cdf2727f2a88d23d6451c9b3aca8c-m.webm',15,1,NULL),(834,'da53a4b192b91ea8c7550e5c24a4d95a-m.webm',15,1,NULL),(835,'eb220986b4e99cc1f9fc05aa94e9c36d-m.webm',15,1,NULL),(836,'1a3671acfa55bf6cebbc8eec6f34a672-m.webm',15,1,NULL),(837,'10bca4c26ba8a634272384bbfbdfd916-m.webm',15,1,NULL),(838,'e2b04ac55896eb41605e349afc1d4ecf-m.webm',15,1,NULL),(839,'c8751a12220299d5ec41635b0881ba0e-m.webm',15,1,NULL),(840,'5bb828fbd6be4a4fb56c7dd981b91624-m.webm',15,1,NULL),(841,'da8e8daa21cf35f0308f7f84a5aed872-m.webm',15,1,NULL),(842,'e7977ad38d13e840e08c9c13197dba19-m.webm',15,1,NULL),(843,'440c64970354c16e4c6ac388d5e48637-m.webm',15,1,NULL),(844,'6845cc6f3af127186b3a75aa71d1da44-m.webm',15,1,NULL),(845,'a4dd7232218e2479b86cfa5531ecc8c2-m.webm',15,1,NULL),(846,'01a5af4087278fb4f719ff40c903baf3-m.webm',15,1,NULL),(847,'227d83626d96ff8051cc2a411b7bcaac-m.webm',15,1,NULL),(848,'7119ad140c92679b3c1db14697fab8a8-m.webm',15,1,NULL),(849,'274b4714e89a8ffc9ee0528cf6ed6ac6-m.webm',15,1,NULL),(850,'b680796e2528d94f045dcc172a2b59e0-m.webm',15,1,NULL),(851,'e6b308cfc22e11453b36b01ac70afe02-m.webm',15,1,NULL),(852,'faa031e0b2723a9828b4154fe568a833-m.webm',15,1,NULL),(853,'2d945d5f40667be234bbb865cbf4ea87-m.webm',15,1,NULL),(854,'095a2dbcaa9f0d3fc665a877a45dddd1-m.webm',15,1,NULL),(855,'5674d9170a240f7ce96931050c350891-m.webm',15,1,NULL),(856,'4d89b195435820c11d02373772954414-m.webm',15,1,NULL),(857,'e0a211422ffae6185d4e7860409b9a32-m.webm',15,1,NULL),(858,'9e7d2a40287132e617ca626234b6ab29-m.webm',15,1,NULL),(859,'e998d949c0d224b96a473c9274e45256-m.webm',15,1,NULL),(860,'456c56768751f2e8c570343811e03f34-m.webm',15,1,NULL),(861,'3d93a819f46aeec083ee9271aa808574-m.webm',15,1,NULL),(862,'40083af3a8a8ccc536c295534109bef7-m.webm',15,1,NULL),(863,'4ae6cb64772bb8d852d7dba321fe094a-m.webm',15,1,NULL),(864,'773130ad7c7ca552f0488b126d795063-m.webm',15,1,NULL),(865,'18cb8c984473f24baf03209da46d0c7c-m.webm',15,1,NULL),(866,'fa6411289e577c7ab7d9136d8cfdd97c-m.webm',15,1,NULL),(867,'3d11696661285238c6af55fdcf7f8af5-m.webm',15,1,NULL),(868,'4b14125233abfc2f44c9b508bebc2d22-m.webm',15,1,NULL),(869,'bd4bdc1f30f6c54d5b67833103592a31-m.webm',15,1,NULL),(870,'06f99373a5b8ca2388fa291bc850374b-m.webm',15,1,NULL),(871,'77977ec7ab756f33001fd1f4b4e951ad-m.webm',15,1,NULL),(872,'298bdb9893e351e2f8832cbd4c0c6ca1-m.webm',15,1,NULL),(873,'6bba97d83c08aa2c04b44861b974d912-m.webm',15,1,NULL),(874,'2adc54e9e7b93faa8166f04b58ad1548.webm',15,1,NULL),(875,'d99a1a5235ffd3575f9aaff7a0807c21-m.webm',15,1,NULL),(876,'526f08039f0909a05f0becba8476763f-m.webm',15,1,NULL),(877,'3d5d33752c04c5d47bd750fdf5351645-m.webm',15,1,NULL),(879,'c529e9370fe0f55529edf59de4edffa2.webm',15,1,NULL),(880,'da9a5d901111b7f0dc3c2115b9afeb4c.webm',15,0,NULL),(881,'1ebc1d221eabdb6a412478ed5777e83a-m.webm',17,1,NULL),(882,'db43f454081dbf16cc4e6a56fb86b5dd-m.webm',17,1,NULL),(883,'39fb654eb8f876ceb19d5104d43229fa-m.webm',17,1,NULL),(884,'7304fd48ed0960b4eb0a6d74b4730e59-m.webm',17,1,NULL),(885,'75004f31b5b4575eaff11eeac1c086be-m.webm',17,1,NULL),(886,'c59742a5afb3dfa1c43f762d229ff923-m.webm',17,1,NULL),(887,'a573ddcf75a1258d6e2f06889f4728d9-m.webm',17,1,NULL),(888,'ec197e182fe0d0f6d1d0146f8047e59b-m.webm',17,1,NULL),(889,'0e595934a95ed9e7c80868dbde4916ba-m.webm',17,1,NULL),(890,'b73bc75519244cb3121a0cb4011267b4-m.webm',17,1,NULL),(891,'7e6bf5fc1103b9b9108c67571fc9a967-m.webm',17,1,NULL),(892,'5b06639522936516f9f5930583cda0e9-m.webm',17,1,NULL),(893,'58a905023f64134d157f9ea360ac00b2-m.webm',17,1,NULL),(894,'5acf6e8288bc3f0820768a9ea9dcfab0-m.webm',17,1,NULL),(895,'2357e52fcd8b2f63af174e271d0ab696-m.webm',17,1,NULL),(896,'e9e82bd5f97dcfce9e58e505a17ee4b1-m.webm',17,1,NULL),(897,'65e2ba29ab8b5c65d3940c3249d5b7bc-m.webm',17,1,NULL),(898,'ffc6a5b7918fbe6e7ac54ef96fa6e520-m.webm',17,1,NULL),(899,'6813448fd5378bce7cec755a3369580b-m.webm',17,1,NULL),(900,'ff7413e7aa19d8212d2883543f9cd2c7-m.webm',17,1,NULL),(901,'33bf6426098bfe5b77c7db8398252445-m.webm',17,1,NULL),(902,'30499610a5c8d413bb03132293855499-m.webm',17,1,NULL),(903,'b3f0dee163a0cc6bd5e0ebed216938c3-m.webm',17,1,NULL),(904,'ae981f4c14902f2315ff76fd8344e62a-m.webm',17,1,NULL),(905,'e2980f824c2c71923399d20b297f0306-m.webm',17,1,NULL),(906,'f22d64a9489d557893301cbda6fb7d06-m.webm',17,1,NULL),(907,'0d3c80ac6484cfabb193c965d9edb5ae.webm',17,1,NULL),(908,'820360594cdc9ea681a92e5e9da3e5ab-m.webm',17,1,NULL),(909,'61f8f1ba31a8b6530326f867aab01c1a-m.webm',17,1,NULL),(910,'c47ebbbb9f67e817e140cca14d90780a-m.webm',17,1,NULL),(911,'d6ac58abed9b7eb0c8f3f939bc2f868d-m.webm',17,1,NULL),(912,'283649c5bf13b7f287f5364ef88f807d-m.webm',17,1,NULL),(913,'b477519b65f56886c5cfa9df4c050c9d-m.webm',19,1,NULL),(914,'fe67e2236936dd845afb4d3a6e2daa48-m.webm',19,1,NULL),(915,'3fb335030623525a7a2b8857d174913a-m.webm',19,1,NULL),(916,'880219d06d1528a1c831de12c6f0008e-m.webm',19,1,NULL),(917,'87442a535f9664cd21f43f0172574b26-m.webm',19,1,NULL),(918,'2d4393ac519725224e5898e6e09499c3-m.webm',19,1,NULL),(919,'5f944bb828ab14c086535433dfd49e55-m.webm',19,1,NULL),(920,'4e1c0fce950537d646cfb4113104c1ef-m.webm',19,1,NULL),(921,'83e140338ee7213fbe934672f9ac4e9f-m.webm',19,1,NULL),(922,'d5e9c8945044574c4a560c6e742e23b3-m.webm',19,1,NULL),(923,'dd78e1d1f3174b6789484991581752e6-m.webm',19,1,NULL),(924,'c7b651a4ff7702fd3548006e773cd893-m.webm',19,1,NULL),(925,'7c25135d1d4cfd9b64fd84834e187be8.webm',17,0,NULL),(926,'4c037417b700c5c09ed65f8a2bac1476.webm',19,0,NULL),(927,'e4266718be93c312407d18a32bd2daf4-m.webm',12,1,NULL),(928,'810203868d73dd116d9723e2882d4ca6-m.webm',12,1,NULL),(929,'8a068d729177df709123be527cf2ecfd-m.webm',12,1,NULL),(930,'f7c324ea918e71f589a92ddb534f16ce-m.webm',12,1,NULL),(931,'9fe8c6f739ef60ea41afac391646891e-m.webm',12,1,NULL),(932,'eb74d8ee12b3ea94b6e9e8bcbcddcd39-m.webm',12,1,NULL),(933,'8d49f3ef1b2ed05a3aabc32f561a4e21-m.webm',12,1,NULL),(934,'44d240a5d57a5f3da4e471f583bee33c-m.webm',12,1,NULL),(935,'3c3fe6feaa9dd25d70d26ed8731dc588-m.webm',12,1,NULL),(936,'ead2f545dcf46d5640dc196fab81412c-m.webm',12,1,NULL),(937,'48c674b2a2fb5ac143f9c9d7f8e18880-m.webm',12,1,NULL),(938,'cd1f46a00787408a089a6f8b20dde23c-m.webm',12,1,NULL),(939,'ed8c4f24144677b48896603cadbed055-m.webm',12,1,NULL),(940,'4cbec38b44bee140a6885383e40bf11e-m.webm',12,1,NULL),(941,'e63ea67c7b2624562d9b9094ab33aea9-m.webm',12,1,NULL),(942,'93271dcdca43e8f2c09e64d8cd6e9bce-m.webm',12,1,NULL),(943,'229ae00d4030f93edbcf6b643fbc26e5-m.webm',12,1,NULL),(944,'314166d8dd7ed2b07be1320129d08151-m.webm',12,1,NULL),(945,'c75eb0fdaff94ae1c1f3a3de35b650f4-m.webm',12,1,NULL),(946,'789c7239d598a09da251dbad7c7bc505-m.webm',12,1,NULL),(947,'123c7f6ae95b19d51ff6eeec09cffa9f-m.webm',12,1,NULL),(948,'ce37c8015883e1ab6b85ed7de797ee6c-m.webm',12,1,NULL),(949,'e08cb557c5b8ff3e45c8248ddc980c34-m.webm',12,1,NULL),(950,'ad31061d5d13744ac31ad6458225bc7b-m.webm',12,1,NULL),(951,'38e99c5da74bdb1f6311771a7b537a76-m.webm',12,1,NULL),(952,'7cf73de06cb5de30393bc5075d77d14b-m.webm',12,1,NULL),(953,'af2c3ca55e431f28370bfdbdce3f6eaa-m.webm',12,1,NULL),(954,'f664f3f3080f7f7cd50e1f0d44f9ee34-m.webm',12,1,NULL),(955,'f4dfa80ecfcb9fdf669c91fc464831a0-m.webm',12,1,NULL),(956,'a509bd088f17f3455eb5e619e4263ecf-m.webm',12,1,NULL),(957,'a99800c66f072174855e5da5604e6dd8-m.webm',12,1,NULL),(958,'02c37f2ecca29eff595bb5eba533365c-m.webm',12,1,NULL),(959,'491030c8aa18973d110c3c245b85941d-m.webm',12,1,NULL),(960,'52df41877209a3eb0428b7752e74b172-m.webm',12,1,NULL),(961,'a55cc7a9f393acf57e29bbcdb0a0b7c6-m.webm',12,1,NULL),(962,'9bf7db360b681c2d863ebaf91dcac031-m.webm',12,1,NULL),(963,'d394239be3317c78d1c5a6664d113b3a-m.webm',12,1,NULL),(964,'8b43028e103d3c52bb682c3dff089edd-m.webm',12,1,NULL),(965,'bf9c71d0bb9bcd0794e961b0401fd681-m.webm',12,1,NULL),(966,'357cd6f33a1c1f25b5139a19bfcb0862-m.webm',12,1,NULL),(967,'dea23dab08e0af5d4bb4e217dcf188bb-m.webm',12,1,NULL),(968,'59645e19646d2a74d2e6d5387618109d-m.webm',12,1,NULL),(969,'5b663e51c26cf7a4c6d16c008f56f366-m.webm',12,1,NULL),(970,'f2fcd3c94ea99217815823092c2ecfc0-m.webm',12,1,NULL),(971,'45bbf2b0660595dd2f7823656e9c3a9b-m.webm',12,1,NULL),(972,'f1bff7a4f0f0d4eeae18893146cf0b39-m.webm',12,1,NULL),(973,'6a74c2913d9efe068772686575a6b60f-m.webm',12,1,NULL),(974,'910c523429abb32a303ca355a4a2ce59-m.webm',12,1,NULL),(975,'615240570f8aaab6f0b9527b8d337cce-m.webm',12,1,NULL),(976,'d484eb83b9863043d4b3681fe3e49866-m.webm',12,1,NULL),(977,'85177859f2bffe5aa3b3eea9e6ba9fce-m.webm',12,1,'D:\\xampp\\htdocs\\audienciadigitalfinal/upload/12/85177859f2bffe5aa3b3eea9e6ba9fce-m.webm'),(978,'152621e1ab261945d8eb04fbcbac488d-m.webm',12,1,'D:\\xampp\\htdocs\\audienciadigitalfinal/upload/12/152621e1ab261945d8eb04fbcbac488d-m.webm'),(979,'66fa1ed6f0c9414f6e2213fb3232e087-m.webm',12,1,'D:\\xampp\\htdocs\\audienciadigitalfinal/upload/12/66fa1ed6f0c9414f6e2213fb3232e087-m.webm'),(980,'85787031dd1b844651051b880de03c5f-m.webm',12,1,'D:\\xampp\\htdocs\\audienciadigitalfinal/upload/12/85787031dd1b844651051b880de03c5f-m.webm'),(981,'e17ea2f344b60ee2d000b2896e1c9545-m.webm',12,1,'D:\\xampp\\htdocs\\audienciadigitalfinal/upload/12/e17ea2f344b60ee2d000b2896e1c9545-m.webm'),(982,'3f05bc1b9ac339826339947ae5cab7a4-m.webm',12,1,'D:\\xampp\\htdocs\\audienciadigitalfinal/upload/12/3f05bc1b9ac339826339947ae5cab7a4-m.webm'),(983,'f9328970c44e4ed95badf2adeed18505-m.webm',12,1,'D:\\xampp\\htdocs\\audienciadigitalfinal/upload/12/f9328970c44e4ed95badf2adeed18505-m.webm'),(984,'f361c00e5bd0a71eac44c98671f72fac-m.webm',12,1,'D:\\xampp\\htdocs\\audienciadigitalfinal/upload/12/f361c00e5bd0a71eac44c98671f72fac-m.webm'),(985,'2f05afa9408eef7442fe3953a60b3c5b-m.webm',12,1,'D:\\xampp\\htdocs\\audienciadigitalfinal/upload/12/2f05afa9408eef7442fe3953a60b3c5b-m.webm'),(986,'8d128038145c0a6e3a386e9e0b9ef087-m.webm',12,1,'D:\\xampp\\htdocs\\audienciadigitalfinal/upload/12/8d128038145c0a6e3a386e9e0b9ef087-m.webm'),(987,'a67672e922cef4f6346601a66bebe54c-m.webm',12,1,'D:\\xampp\\htdocs\\audienciadigitalfinal/upload/12/a67672e922cef4f6346601a66bebe54c-m.webm'),(988,'1ddae6a0a696886fe47271ec08796525-m.webm',12,1,'D:\\xampp\\htdocs\\audienciadigitalfinal/upload/12/1ddae6a0a696886fe47271ec08796525-m.webm'),(989,'096693db95d138afbbba247a8f03f63d-m.webm',12,1,'D:\\xampp\\htdocs\\audienciadigitalfinal/upload/12/096693db95d138afbbba247a8f03f63d-m.webm'),(990,'444162f4d03376867c93ef5f09c3a741-m.webm',12,1,'D:\\xampp\\htdocs\\audienciadigitalfinal/upload/12/444162f4d03376867c93ef5f09c3a741-m.webm'),(991,'8392ec43052937948cd0e07cda158cf5-m.webm',12,1,'D:\\xampp\\htdocs\\audienciadigitalfinal/upload/12/8392ec43052937948cd0e07cda158cf5-m.webm'),(992,'16fb70ba89d86e43446bd9034572d68e-m.webm',12,1,'D:\\xampp\\htdocs\\audienciadigitalfinal/upload/12/16fb70ba89d86e43446bd9034572d68e-m.webm'),(993,'0555f68979bdb569add5d9cc45e252e4-m.webm',12,1,'D:\\xampp\\htdocs\\audienciadigitalfinal/upload/12/0555f68979bdb569add5d9cc45e252e4-m.webm'),(994,'e8f1c70c5361f65f31a8c8c5524cb0a4-m.webm',12,1,'D:\\xampp\\htdocs\\audienciadigitalfinal/upload/12/e8f1c70c5361f65f31a8c8c5524cb0a4-m.webm'),(995,'6bdba79426d0f77cd5ad2d7d01f9d914-m.webm',12,1,'D:\\xampp\\htdocs\\audienciadigitalfinal/upload/12/6bdba79426d0f77cd5ad2d7d01f9d914-m.webm'),(996,'d0348dcd18ab7814a8a4dc10601e531a-m.webm',12,1,'D:\\xampp\\htdocs\\audienciadigitalfinal/upload/12/d0348dcd18ab7814a8a4dc10601e531a-m.webm'),(997,'090804866a0e962db0e69ece98018ba4-m.webm',12,1,'D:\\xampp\\htdocs\\audienciadigitalfinal/upload/12/090804866a0e962db0e69ece98018ba4-m.webm'),(998,'a0d31a3fe377b6b26da16b2a41bc20c7-m.webm',12,1,'D:\\xampp\\htdocs\\audienciadigitalfinal/upload/12/a0d31a3fe377b6b26da16b2a41bc20c7-m.webm'),(999,'28cbecc756f3355fea58b65679f4b4d0-m.webm',12,1,'D:\\xampp\\htdocs\\audienciadigitalfinal/upload/12/28cbecc756f3355fea58b65679f4b4d0-m.webm'),(1000,'840bac79ebabc9c303455e71961424bb-m.webm',12,1,'D:\\xampp\\htdocs\\audienciadigitalfinal/upload/12/840bac79ebabc9c303455e71961424bb-m.webm'),(1001,'2b76f8401935df0ed62f12ab6bae782f-m.webm',12,1,'D:\\xampp\\htdocs\\audienciadigitalfinal/upload/12/2b76f8401935df0ed62f12ab6bae782f-m.webm'),(1002,'6532bb5782c9134017739460dece4b4a-m.webm',12,1,'D:\\xampp\\htdocs\\audienciadigitalfinal/upload/12/6532bb5782c9134017739460dece4b4a-m.webm'),(1003,'f34769a3ca4eb5eb4ffd1a7c62627584-m.webm',12,1,'D:\\xampp\\htdocs\\audienciadigitalfinal/upload/12/f34769a3ca4eb5eb4ffd1a7c62627584-m.webm'),(1004,'4971b1f24978ad098825fd367e5dc16d.webm',12,0,NULL),(1005,'50538adbcbdf5effef7af574e0555e9c-m.webm',53,0,'D:\\xampp\\htdocs\\audienciadigitalfinal/upload/53/50538adbcbdf5effef7af574e0555e9c-m.webm'),(1006,'5882f3aca6745b85ba2636dc0d256a00-m.webm',53,0,'D:\\xampp\\htdocs\\audienciadigitalfinal/upload/53/5882f3aca6745b85ba2636dc0d256a00-m.webm'),(1007,'5a3ecc1f1e548d64ff5de5af04c00b17-m.webm',53,0,'D:\\xampp\\htdocs\\audienciadigitalfinal/upload/53/5a3ecc1f1e548d64ff5de5af04c00b17-m.webm'),(1008,'043dfb156ea534f1334cb23fdba483c3-m.webm',53,0,'D:\\xampp\\htdocs\\audienciadigitalfinal/upload/53/043dfb156ea534f1334cb23fdba483c3-m.webm'),(1009,'cdea6ecb5ef320641952b624a018b18c-m.webm',53,0,'D:\\xampp\\htdocs\\audienciadigitalfinal/upload/53/cdea6ecb5ef320641952b624a018b18c-m.webm'),(1010,'d0e3560d5447bcb28a92d7cfbe31805a-m.webm',53,0,'D:\\xampp\\htdocs\\audienciadigitalfinal/upload/53/d0e3560d5447bcb28a92d7cfbe31805a-m.webm'),(1011,'9cab6cbe242ce5b29f18282c3c420f35-m.webm',53,0,'D:\\xampp\\htdocs\\audienciadigitalfinal/upload/53/9cab6cbe242ce5b29f18282c3c420f35-m.webm'),(1012,'9db53436a1979b1de8fd746ff752f4b0-m.webm',53,0,'D:\\xampp\\htdocs\\audienciadigitalfinal/upload/53/9db53436a1979b1de8fd746ff752f4b0-m.webm'),(1013,'9790818236ffd6005b6da9966b0e2b78-m.webm',53,0,'D:\\xampp\\htdocs\\audienciadigitalfinal/upload/53/9790818236ffd6005b6da9966b0e2b78-m.webm'),(1014,'c24397eb82e1540a7dc2bc9a572581ab-m.webm',53,0,'D:\\xampp\\htdocs\\audienciadigitalfinal/upload/53/c24397eb82e1540a7dc2bc9a572581ab-m.webm'),(1015,'5c3a58be4f2018215c52cab7d53ab64c-m.webm',53,0,'D:\\xampp\\htdocs\\audienciadigitalfinal/upload/53/5c3a58be4f2018215c52cab7d53ab64c-m.webm'),(1016,'4859f1df298f4611801a6c08f86591d9-m.webm',53,0,'D:\\xampp\\htdocs\\audienciadigitalfinal/upload/53/4859f1df298f4611801a6c08f86591d9-m.webm'),(1017,'b18ffe620487a37b92e316034bb11d72-m.webm',53,0,'D:\\xampp\\htdocs\\audienciadigitalfinal/upload/53/b18ffe620487a37b92e316034bb11d72-m.webm'),(1018,'e36a28d5fcf965f439908c454bd6b5e0-m.webm',53,0,'D:\\xampp\\htdocs\\audienciadigitalfinal/upload/53/e36a28d5fcf965f439908c454bd6b5e0-m.webm'),(1019,'0792915718a4a7a7aa6dbbe1bf420ba5-m.webm',53,0,'D:\\xampp\\htdocs\\audienciadigitalfinal/upload/53/0792915718a4a7a7aa6dbbe1bf420ba5-m.webm'),(1020,'bc204f31a1c7c0148ee32b7235055b72-m.webm',53,0,'D:\\xampp\\htdocs\\audienciadigitalfinal/upload/53/bc204f31a1c7c0148ee32b7235055b72-m.webm'),(1021,'370e9554cd3f95b759e22a73f98ad3fe-m.webm',53,0,'D:\\xampp\\htdocs\\audienciadigitalfinal/upload/53/370e9554cd3f95b759e22a73f98ad3fe-m.webm'),(1022,'93df0495172fae1e2e11129da0e4a862-m.webm',53,0,'D:\\xampp\\htdocs\\audienciadigitalfinal/upload/53/93df0495172fae1e2e11129da0e4a862-m.webm'),(1023,'b621290366e6fd6f8e2fcae653d5990e-m.webm',53,0,'D:\\xampp\\htdocs\\audienciadigitalfinal/upload/53/b621290366e6fd6f8e2fcae653d5990e-m.webm'),(1024,'7146db5609ba7af08859e22f90350d62-m.webm',53,0,'D:\\xampp\\htdocs\\audienciadigitalfinal/upload/53/7146db5609ba7af08859e22f90350d62-m.webm'),(1025,'a78cd4d973b8f5e0c0b090e5d002bc8c-m.webm',53,0,'D:\\xampp\\htdocs\\audienciadigitalfinal/upload/53/a78cd4d973b8f5e0c0b090e5d002bc8c-m.webm'),(1026,'3a9ddcae68d96d40d90c4606722efd40-m.webm',53,0,'D:\\xampp\\htdocs\\audienciadigitalfinal/upload/53/3a9ddcae68d96d40d90c4606722efd40-m.webm'),(1027,'bbaa6bf1c286e57a280f930f83b59fd8-m.webm',53,0,'D:\\xampp\\htdocs\\audienciadigitalfinal/upload/53/bbaa6bf1c286e57a280f930f83b59fd8-m.webm'),(1028,'c29be3fc02d68a36ac61a7e6d9120e89-m.webm',53,0,'D:\\xampp\\htdocs\\audienciadigitalfinal/upload/53/c29be3fc02d68a36ac61a7e6d9120e89-m.webm'),(1029,'2786067e7dd06d82ea71eb03c11826d9-m.webm',53,0,'D:\\xampp\\htdocs\\audienciadigitalfinal/upload/53/2786067e7dd06d82ea71eb03c11826d9-m.webm'),(1030,'b2c14692bc3d120d0c1260db0c4006da-m.webm',53,0,'D:\\xampp\\htdocs\\audienciadigitalfinal/upload/53/b2c14692bc3d120d0c1260db0c4006da-m.webm'),(1031,'cfcc4e178e9d05b487b0b761c3e08639-m.webm',53,0,'D:\\xampp\\htdocs\\audienciadigitalfinal/upload/53/cfcc4e178e9d05b487b0b761c3e08639-m.webm'),(1032,'9102dfe9403843006cf88042dabebb23-m.webm',53,0,'D:\\xampp\\htdocs\\audienciadigitalfinal/upload/53/9102dfe9403843006cf88042dabebb23-m.webm'),(1033,'deb4b41ed7cccac68773faf8b4445706-m.webm',53,0,'D:\\xampp\\htdocs\\audienciadigitalfinal/upload/53/deb4b41ed7cccac68773faf8b4445706-m.webm'),(1034,'1c4541a705c16af50bd24f40b9e8fad4-m.webm',53,0,'D:\\xampp\\htdocs\\audienciadigitalfinal/upload/53/1c4541a705c16af50bd24f40b9e8fad4-m.webm'),(1035,'72b2386f853dcd9a02e33930fdaf9db9-m.webm',53,0,'D:\\xampp\\htdocs\\audienciadigitalfinal/upload/53/72b2386f853dcd9a02e33930fdaf9db9-m.webm'),(1036,'e2183a3fef090dee66e920df1374275b-m.webm',53,0,'D:\\xampp\\htdocs\\audienciadigitalfinal/upload/53/e2183a3fef090dee66e920df1374275b-m.webm'),(1037,'83376229619f942636f7d9252295a19b-m.webm',53,0,'D:\\xampp\\htdocs\\audienciadigitalfinal/upload/53/83376229619f942636f7d9252295a19b-m.webm'),(1038,'29d9955f78279074a00b9f98b2663255-m.webm',53,0,'D:\\xampp\\htdocs\\audienciadigitalfinal/upload/53/29d9955f78279074a00b9f98b2663255-m.webm'),(1039,'1425908b4d3cd5faba276bc947e07322-m.webm',53,0,'D:\\xampp\\htdocs\\audienciadigitalfinal/upload/53/1425908b4d3cd5faba276bc947e07322-m.webm'),(1040,'d138edd5de693c13ec1dd5b2f82281e7-m.webm',53,0,'D:\\xampp\\htdocs\\audienciadigitalfinal/upload/53/d138edd5de693c13ec1dd5b2f82281e7-m.webm'),(1041,'6fcbba6130da4bf78f18b4a2254fd147-m.webm',53,0,'D:\\xampp\\htdocs\\audienciadigitalfinal/upload/53/6fcbba6130da4bf78f18b4a2254fd147-m.webm'),(1042,'363caea297cad36b42daa532407bd43c-m.webm',53,0,'D:\\xampp\\htdocs\\audienciadigitalfinal/upload/53/363caea297cad36b42daa532407bd43c-m.webm'),(1043,'9a059ac9f2817ddf42f6a0743cf6beae-m.webm',53,0,'D:\\xampp\\htdocs\\audienciadigitalfinal/upload/53/9a059ac9f2817ddf42f6a0743cf6beae-m.webm'),(1044,'7c035578ddd54ba80604c79b98839100-m.webm',53,0,'D:\\xampp\\htdocs\\audienciadigitalfinal/upload/53/7c035578ddd54ba80604c79b98839100-m.webm'),(1045,'6ad43409f840f9ad8d8aba7354522711-m.webm',53,0,'D:\\xampp\\htdocs\\audienciadigitalfinal/upload/53/6ad43409f840f9ad8d8aba7354522711-m.webm'),(1046,'7cbea188c1311a252229ea9ca6f4855c-m.webm',53,0,'D:\\xampp\\htdocs\\audienciadigitalfinal/upload/53/7cbea188c1311a252229ea9ca6f4855c-m.webm'),(1047,'f2f055de4313716c4b43c9fefd7d3a7e-m.webm',53,0,'D:\\xampp\\htdocs\\audienciadigitalfinal/upload/53/f2f055de4313716c4b43c9fefd7d3a7e-m.webm'),(1048,'c48741a4e390db92a92a1a71d4de3bd0-m.webm',53,0,'D:\\xampp\\htdocs\\audienciadigitalfinal/upload/53/c48741a4e390db92a92a1a71d4de3bd0-m.webm'),(1049,'d439e3c3a4eddc31ded328c8a3cbda68-m.webm',53,0,'D:\\xampp\\htdocs\\audienciadigitalfinal/upload/53/d439e3c3a4eddc31ded328c8a3cbda68-m.webm'),(1050,'5597ebf3c661901dd2a6b2ff6a2c92af-m.webm',53,0,'D:\\xampp\\htdocs\\audienciadigitalfinal/upload/53/5597ebf3c661901dd2a6b2ff6a2c92af-m.webm'),(1051,'d4e3ebec2a545b5983a6424ea5b3a758-m.webm',53,0,'D:\\xampp\\htdocs\\audienciadigitalfinal/upload/53/d4e3ebec2a545b5983a6424ea5b3a758-m.webm'),(1052,'57ab0389624035e5f00091365f90669e-m.webm',53,0,'D:\\xampp\\htdocs\\audienciadigitalfinal/upload/53/57ab0389624035e5f00091365f90669e-m.webm'),(1053,'b1209da669c6504ecf88c8d03136097c-m.webm',53,0,'D:\\xampp\\htdocs\\audienciadigitalfinal/upload/53/b1209da669c6504ecf88c8d03136097c-m.webm'),(1054,'27f8e79b5ccb1dd666a0e45939a7f089-m.webm',53,0,'D:\\xampp\\htdocs\\audienciadigitalfinal/upload/53/27f8e79b5ccb1dd666a0e45939a7f089-m.webm'),(1055,'234072171f38425600c875accb2250f4-m.webm',53,0,'D:\\xampp\\htdocs\\audienciadigitalfinal/upload/53/234072171f38425600c875accb2250f4-m.webm'),(1056,'c4de6e7fe35b1896e10d5c3e015f7233-m.webm',53,0,'D:\\xampp\\htdocs\\audienciadigitalfinal/upload/53/c4de6e7fe35b1896e10d5c3e015f7233-m.webm'),(1057,'abf5e7665a42af2afa36df123adf3cbb-m.webm',53,0,'D:\\xampp\\htdocs\\audienciadigitalfinal/upload/53/abf5e7665a42af2afa36df123adf3cbb-m.webm'),(1058,'4762f98fb5e9c1e5661a79c75a2724d8-m.webm',53,0,'D:\\xampp\\htdocs\\audienciadigitalfinal/upload/53/4762f98fb5e9c1e5661a79c75a2724d8-m.webm'),(1059,'2f7f38f13c0f8fba974ac511f08eec3b-m.webm',53,0,'D:\\xampp\\htdocs\\audienciadigitalfinal/upload/53/2f7f38f13c0f8fba974ac511f08eec3b-m.webm'),(1060,'c57c284db8b7715e1092bedaf258dbd5-m.webm',53,0,'D:\\xampp\\htdocs\\audienciadigitalfinal/upload/53/c57c284db8b7715e1092bedaf258dbd5-m.webm'),(1061,'7ebe3957e35ea98d8adfed247275e669-m.webm',53,0,'D:\\xampp\\htdocs\\audienciadigitalfinal/upload/53/7ebe3957e35ea98d8adfed247275e669-m.webm'),(1062,'e75573315bc0539846b77d103e46b9e0-m.webm',53,0,'D:\\xampp\\htdocs\\audienciadigitalfinal/upload/53/e75573315bc0539846b77d103e46b9e0-m.webm'),(1063,'ca39ea5fe3b801b1d1301d45ee0edc1d-m.webm',53,0,'D:\\xampp\\htdocs\\audienciadigitalfinal/upload/53/ca39ea5fe3b801b1d1301d45ee0edc1d-m.webm'),(1064,'c2c03bdaa8f76cef507c9399b2e3a189-m.webm',53,0,'D:\\xampp\\htdocs\\audienciadigitalfinal/upload/53/c2c03bdaa8f76cef507c9399b2e3a189-m.webm'),(1065,'2a295bfe00c92f495e98ee9dfa45196c-m.webm',53,0,'D:\\xampp\\htdocs\\audienciadigitalfinal/upload/53/2a295bfe00c92f495e98ee9dfa45196c-m.webm'),(1066,'6e2e22244a31c8750791a06551beb11e-m.webm',53,0,'D:\\xampp\\htdocs\\audienciadigitalfinal/upload/53/6e2e22244a31c8750791a06551beb11e-m.webm'),(1067,'f131d0c3a1381e89ca8539e2a2675d85-m.webm',53,0,'D:\\xampp\\htdocs\\audienciadigitalfinal/upload/53/f131d0c3a1381e89ca8539e2a2675d85-m.webm'),(1068,'fb20e578fb9b1214905ae9b17d1beefb-m.webm',53,0,'D:\\xampp\\htdocs\\audienciadigitalfinal/upload/53/fb20e578fb9b1214905ae9b17d1beefb-m.webm'),(1069,'f039ef62e661471eaa39bd7ccf6e0d9a-m.webm',53,0,'D:\\xampp\\htdocs\\audienciadigitalfinal/upload/53/f039ef62e661471eaa39bd7ccf6e0d9a-m.webm'),(1070,'d49cc1939ea87e51b163be55120c3061-m.webm',53,0,'D:\\xampp\\htdocs\\audienciadigitalfinal/upload/53/d49cc1939ea87e51b163be55120c3061-m.webm'),(1071,'8f23c1dcbd17c3cbfbc32301c60362bc-m.webm',53,0,'D:\\xampp\\htdocs\\audienciadigitalfinal/upload/53/8f23c1dcbd17c3cbfbc32301c60362bc-m.webm'),(1072,'5363befb877277192236d1d9a77394b8-m.webm',53,0,'D:\\xampp\\htdocs\\audienciadigitalfinal/upload/53/5363befb877277192236d1d9a77394b8-m.webm'),(1073,'1941bbce9aa87be2e0b19aa9e69ae3f2-m.webm',53,0,'D:\\xampp\\htdocs\\audienciadigitalfinal/upload/53/1941bbce9aa87be2e0b19aa9e69ae3f2-m.webm'),(1074,'0c451afc222532dcd5593f7a8a49768c-m.webm',53,0,'D:\\xampp\\htdocs\\audienciadigitalfinal/upload/53/0c451afc222532dcd5593f7a8a49768c-m.webm'),(1075,'36089d6e3a191e49717cadfb1da47e65-m.webm',53,0,'D:\\xampp\\htdocs\\audienciadigitalfinal/upload/53/36089d6e3a191e49717cadfb1da47e65-m.webm'),(1076,'a643a10c6a7a56f06b2ad2442fa1f0df-m.webm',53,0,'D:\\xampp\\htdocs\\audienciadigitalfinal/upload/53/a643a10c6a7a56f06b2ad2442fa1f0df-m.webm'),(1077,'6f75594f34c5ead3e812c4d0871713f8-m.webm',53,0,'D:\\xampp\\htdocs\\audienciadigitalfinal/upload/53/6f75594f34c5ead3e812c4d0871713f8-m.webm'),(1078,'2786e5bcf7ce5c253cc24b6f52cda68a-m.webm',53,0,'D:\\xampp\\htdocs\\audienciadigitalfinal/upload/53/2786e5bcf7ce5c253cc24b6f52cda68a-m.webm'),(1079,'45eed5931aad673a861f329e64b07682-m.webm',53,0,'D:\\xampp\\htdocs\\audienciadigitalfinal/upload/53/45eed5931aad673a861f329e64b07682-m.webm'),(1080,'f6a38767c05fa55f9e8329bcc67eb7de-m.webm',53,0,'D:\\xampp\\htdocs\\audienciadigitalfinal/upload/53/f6a38767c05fa55f9e8329bcc67eb7de-m.webm'),(1081,'d9841c593d8b6f0ab511487a953328b8-m.webm',53,0,'D:\\xampp\\htdocs\\audienciadigitalfinal/upload/53/d9841c593d8b6f0ab511487a953328b8-m.webm'),(1082,'c92e70c949416567e989de18be6ed01a-m.webm',53,0,'D:\\xampp\\htdocs\\audienciadigitalfinal/upload/53/c92e70c949416567e989de18be6ed01a-m.webm'),(1083,'0845273c835be6ac2793d57cc192bc48-m.webm',53,0,'D:\\xampp\\htdocs\\audienciadigitalfinal/upload/53/0845273c835be6ac2793d57cc192bc48-m.webm'),(1084,'1a020fbfd7dc874553f1f21c8643af88-m.webm',53,0,'D:\\xampp\\htdocs\\audienciadigitalfinal/upload/53/1a020fbfd7dc874553f1f21c8643af88-m.webm'),(1085,'8a01d5c3ca17809085744f2c4467afc6-m.webm',53,0,'D:\\xampp\\htdocs\\audienciadigitalfinal/upload/53/8a01d5c3ca17809085744f2c4467afc6-m.webm'),(1086,'63dae1aa8419b5a186df2a05fae10dcc-m.webm',53,0,'D:\\xampp\\htdocs\\audienciadigitalfinal/upload/53/63dae1aa8419b5a186df2a05fae10dcc-m.webm'),(1087,'903f08091c50332f69501863fdc03419-m.webm',53,0,'D:\\xampp\\htdocs\\audienciadigitalfinal/upload/53/903f08091c50332f69501863fdc03419-m.webm'),(1088,'2884aa86b5f9b3cd1c102808bd25fab0-m.webm',53,0,'D:\\xampp\\htdocs\\audienciadigitalfinal/upload/53/2884aa86b5f9b3cd1c102808bd25fab0-m.webm'),(1089,'d7606f59138bc05fce7575e510da6a1a-m.webm',53,0,'D:\\xampp\\htdocs\\audienciadigitalfinal/upload/53/d7606f59138bc05fce7575e510da6a1a-m.webm'),(1090,'3aba8e31434b3f517d94cad019dc9001-m.webm',15,0,'D:\\xampp\\htdocs\\audienciadigitalfinal/upload/15/3aba8e31434b3f517d94cad019dc9001-m.webm'),(1091,'55eb8406604bd353fc83adafdf8f474a-m.webm',15,0,'D:\\xampp\\htdocs\\audienciadigitalfinal/upload/15/55eb8406604bd353fc83adafdf8f474a-m.webm'),(1092,'f100812c5e7a165b77ff7e8a7d7a1d19-m.webm',15,0,'D:\\xampp\\htdocs\\audienciadigitalfinal/upload/15/f100812c5e7a165b77ff7e8a7d7a1d19-m.webm'),(1093,'c2c745cc9e32d1db557d809faa4ec10e-m.webm',15,0,'D:\\xampp\\htdocs\\audienciadigitalfinal/upload/15/c2c745cc9e32d1db557d809faa4ec10e-m.webm'),(1094,'1294623b6912fdc115756c72ba1778fb-m.webm',15,0,'D:\\xampp\\htdocs\\audienciadigitalfinal/upload/15/1294623b6912fdc115756c72ba1778fb-m.webm'),(1095,'aba8dcc0fff956e5ca9fcc972d37a760-m.webm',15,0,'D:\\xampp\\htdocs\\audienciadigitalfinal/upload/15/aba8dcc0fff956e5ca9fcc972d37a760-m.webm'),(1096,'a811930ff2bdaa2bdee3df34a239a81e-m.webm',15,0,'D:\\xampp\\htdocs\\audienciadigitalfinal/upload/15/a811930ff2bdaa2bdee3df34a239a81e-m.webm'),(1097,'6b9c6b4a258a14ec25260f738dd48b20-m.webm',15,0,'D:\\xampp\\htdocs\\audienciadigitalfinal/upload/15/6b9c6b4a258a14ec25260f738dd48b20-m.webm'),(1098,'b36303810f37fb761f3af0fb0e578205-m.webm',15,0,'D:\\xampp\\htdocs\\audienciadigitalfinal/upload/15/b36303810f37fb761f3af0fb0e578205-m.webm'),(1099,'46cfc23deb6571347f76b1a68446a33b-m.webm',15,0,'D:\\xampp\\htdocs\\audienciadigitalfinal/upload/15/46cfc23deb6571347f76b1a68446a33b-m.webm'),(1100,'92f2aa9b1e8ed8a9e31166ba7917075e-m.webm',15,0,'D:\\xampp\\htdocs\\audienciadigitalfinal/upload/15/92f2aa9b1e8ed8a9e31166ba7917075e-m.webm'),(1101,'cee9579890c43b387f94c8c5c1829c4a-m.webm',15,0,'D:\\xampp\\htdocs\\audienciadigitalfinal/upload/15/cee9579890c43b387f94c8c5c1829c4a-m.webm'),(1102,'a0cb03e56832aece15e0a526c440b42e-m.webm',15,0,'D:\\xampp\\htdocs\\audienciadigitalfinal/upload/15/a0cb03e56832aece15e0a526c440b42e-m.webm'),(1103,'efef45663d26a1115142173dc25132e5-m.webm',15,0,'D:\\xampp\\htdocs\\audienciadigitalfinal/upload/15/efef45663d26a1115142173dc25132e5-m.webm'),(1104,'5a64faee81b3cd074d8acc1c95d58ab8-m.webm',15,0,'D:\\xampp\\htdocs\\audienciadigitalfinal/upload/15/5a64faee81b3cd074d8acc1c95d58ab8-m.webm'),(1105,'ca044ff7bd0b6b82f5a074fd2d68555c-m.webm',15,0,'D:\\xampp\\htdocs\\audienciadigitalfinal/upload/15/ca044ff7bd0b6b82f5a074fd2d68555c-m.webm'),(1106,'7809c3bccb0ca58d09ac0d43a0f2cc75-m.webm',15,0,'D:\\xampp\\htdocs\\audienciadigitalfinal/upload/15/7809c3bccb0ca58d09ac0d43a0f2cc75-m.webm'),(1107,'9a64cc251349f824dfaa102ca5748c49-m.webm',15,0,'D:\\xampp\\htdocs\\audienciadigitalfinal/upload/15/9a64cc251349f824dfaa102ca5748c49-m.webm'),(1108,'182fab203715de2bc08ffd0f565ec67a-m.webm',15,0,'D:\\xampp\\htdocs\\audienciadigitalfinal/upload/15/182fab203715de2bc08ffd0f565ec67a-m.webm'),(1109,'141f926ba59695ceb750edfbc753519a-m.webm',15,0,'D:\\xampp\\htdocs\\audienciadigitalfinal/upload/15/141f926ba59695ceb750edfbc753519a-m.webm'),(1110,'69b651d2743bcb96638bac848f8987b4-m.webm',15,0,'D:\\xampp\\htdocs\\audienciadigitalfinal/upload/15/69b651d2743bcb96638bac848f8987b4-m.webm'),(1111,'073d33aaa63c2b04953711585b04d41f-m.webm',15,0,'D:\\xampp\\htdocs\\audienciadigitalfinal/upload/15/073d33aaa63c2b04953711585b04d41f-m.webm'),(1112,'e3e561c165bd9c06367799002eab605d-m.webm',15,0,'D:\\xampp\\htdocs\\audienciadigitalfinal/upload/15/e3e561c165bd9c06367799002eab605d-m.webm'),(1113,'97bb1381e3354a5b06e5896b1dd669aa-m.webm',15,0,'D:\\xampp\\htdocs\\audienciadigitalfinal/upload/15/97bb1381e3354a5b06e5896b1dd669aa-m.webm'),(1114,'cf8fc9bd5251edff2b607f2a94a269e3-m.webm',15,0,'D:\\xampp\\htdocs\\audienciadigitalfinal/upload/15/cf8fc9bd5251edff2b607f2a94a269e3-m.webm'),(1115,'9350fd86bc6c26e06d3b300656817f1c-m.webm',15,0,'D:\\xampp\\htdocs\\audienciadigitalfinal/upload/15/9350fd86bc6c26e06d3b300656817f1c-m.webm'),(1116,'425a62842b7cbb287c1952c348cf44a8-m.webm',15,0,'D:\\xampp\\htdocs\\audienciadigitalfinal/upload/15/425a62842b7cbb287c1952c348cf44a8-m.webm'),(1117,'bbe49e35cf9116a493503ea3fa945f0f-m.webm',15,0,'D:\\xampp\\htdocs\\audienciadigitalfinal/upload/15/bbe49e35cf9116a493503ea3fa945f0f-m.webm'),(1118,'4e72e008966203a850d42cb657cef81d-m.webm',12,0,'D:\\xampp\\htdocs\\audienciadigitalfinal/upload/12/4e72e008966203a850d42cb657cef81d-m.webm'),(1119,'3be4610eb4d254ec5335ec7150188a88-m.webm',12,0,'D:\\xampp\\htdocs\\audienciadigitalfinal/upload/12/3be4610eb4d254ec5335ec7150188a88-m.webm'),(1120,'8883866327df415395007187dfab6bbc-m.webm',12,0,'D:\\xampp\\htdocs\\audienciadigitalfinal/upload/12/8883866327df415395007187dfab6bbc-m.webm'),(1121,'36289b0a758f6cbb1d69393d1b23403e-m.webm',12,0,'D:\\xampp\\htdocs\\audienciadigitalfinal/upload/12/36289b0a758f6cbb1d69393d1b23403e-m.webm'),(1122,'f918fe69e8a0839d58116cf5ff2d097d-m.webm',12,0,'D:\\xampp\\htdocs\\audienciadigitalfinal/upload/12/f918fe69e8a0839d58116cf5ff2d097d-m.webm'),(1123,'282903242625a75f9891276306bd203c-m.webm',12,0,'D:\\xampp\\htdocs\\audienciadigitalfinal/upload/12/282903242625a75f9891276306bd203c-m.webm'),(1124,'010ec4321fc096edb603e96c1fb44874-m.webm',12,0,'D:\\xampp\\htdocs\\audienciadigitalfinal/upload/12/010ec4321fc096edb603e96c1fb44874-m.webm'),(1125,'6a117c090cccdaa1711a6703239bd984-m.webm',12,0,'D:\\xampp\\htdocs\\audienciadigitalfinal/upload/12/6a117c090cccdaa1711a6703239bd984-m.webm'),(1126,'7765b48f02e1eb45c81881003d5aaa7b-m.webm',12,0,'D:\\xampp\\htdocs\\audienciadigitalfinal/upload/12/7765b48f02e1eb45c81881003d5aaa7b-m.webm'),(1127,'eccb583f1c72528bcae554a62f3505e4-m.webm',12,0,'D:\\xampp\\htdocs\\audienciadigitalfinal/upload/12/eccb583f1c72528bcae554a62f3505e4-m.webm'),(1128,'a8650bc68cd94a4135274013bc159be0-m.webm',12,0,'D:\\xampp\\htdocs\\audienciadigitalfinal/upload/12/a8650bc68cd94a4135274013bc159be0-m.webm'),(1129,'795c648a098c14e6c324ebc94419d92e-m.webm',12,0,'D:\\xampp\\htdocs\\audienciadigitalfinal/upload/12/795c648a098c14e6c324ebc94419d92e-m.webm'),(1130,'ef9e8cc2d07b7aeafd8970df4344ef9a-m.webm',12,0,'D:\\xampp\\htdocs\\audienciadigitalfinal/upload/12/ef9e8cc2d07b7aeafd8970df4344ef9a-m.webm'),(1131,'5963c6c650b4dffd08ada83dd065315d-m.webm',12,0,'D:\\xampp\\htdocs\\audienciadigitalfinal/upload/12/5963c6c650b4dffd08ada83dd065315d-m.webm'),(1132,'0f909abb407de0adbe5f92e9703216b9-m.webm',12,0,'D:\\xampp\\htdocs\\audienciadigitalfinal/upload/12/0f909abb407de0adbe5f92e9703216b9-m.webm'),(1133,'ef5b6d6c60a24b4dbba40ee7230aa34d-m.webm',12,0,'D:\\xampp\\htdocs\\audienciadigitalfinal/upload/12/ef5b6d6c60a24b4dbba40ee7230aa34d-m.webm'),(1134,'b7f5b89ab661c100de3fb053b6144f55-m.webm',12,0,'D:\\xampp\\htdocs\\audienciadigitalfinal/upload/12/b7f5b89ab661c100de3fb053b6144f55-m.webm'),(1135,'b32aab5e9edbdae5f513d377cfdd7336-m.webm',12,0,'D:\\xampp\\htdocs\\audienciadigitalfinal/upload/12/b32aab5e9edbdae5f513d377cfdd7336-m.webm'),(1136,'2a9fa60858eea2cef731d02f6dc183ba-m.webm',12,0,'D:\\xampp\\htdocs\\audienciadigitalfinal/upload/12/2a9fa60858eea2cef731d02f6dc183ba-m.webm'),(1137,'f7edcb878988f911adae8885f8ebfb2d-m.webm',12,0,'D:\\xampp\\htdocs\\audienciadigitalfinal/upload/12/f7edcb878988f911adae8885f8ebfb2d-m.webm'),(1138,'336453dcebfd8c14035fa628b2875925-m.webm',12,0,'D:\\xampp\\htdocs\\audienciadigitalfinal/upload/12/336453dcebfd8c14035fa628b2875925-m.webm'),(1139,'c6ea0ffb07e6dc6826394d9f4e9311eb-m.webm',12,0,'D:\\xampp\\htdocs\\audienciadigitalfinal/upload/12/c6ea0ffb07e6dc6826394d9f4e9311eb-m.webm'),(1140,'3c05db4d4a3fe7583e893a03816007d0-m.webm',12,0,'D:\\xampp\\htdocs\\audienciadigitalfinal/upload/12/3c05db4d4a3fe7583e893a03816007d0-m.webm'),(1141,'ba2ce224c714fd301433ce2685a41123-m.webm',12,0,'D:\\xampp\\htdocs\\audienciadigitalfinal/upload/12/ba2ce224c714fd301433ce2685a41123-m.webm'),(1142,'e716a6f1ad03af90ad879e310cee596c-m.webm',12,0,'D:\\xampp\\htdocs\\audienciadigitalfinal/upload/12/e716a6f1ad03af90ad879e310cee596c-m.webm'),(1143,'15a25300e6724ecb9a06eb9a18805435-m.webm',12,0,'D:\\xampp\\htdocs\\audienciadigitalfinal/upload/12/15a25300e6724ecb9a06eb9a18805435-m.webm'),(1144,'41606bb871012b9625a9a58bbe512200-m.webm',12,0,'D:\\xampp\\htdocs\\audienciadigitalfinal/upload/12/41606bb871012b9625a9a58bbe512200-m.webm'),(1145,'3456312f1291fcd247ec5e48770891df-m.webm',12,0,'D:\\xampp\\htdocs\\audienciadigitalfinal/upload/12/3456312f1291fcd247ec5e48770891df-m.webm'),(1146,'5eb6eff1f19cf24ea230b617c222efe6-m.webm',12,0,'D:\\xampp\\htdocs\\audienciadigitalfinal/upload/12/5eb6eff1f19cf24ea230b617c222efe6-m.webm'),(1147,'d62ef2a462b230694d2323fb5a205cfb-m.webm',12,0,'D:\\xampp\\htdocs\\audienciadigitalfinal/upload/12/d62ef2a462b230694d2323fb5a205cfb-m.webm'),(1148,'404b621f79e53644f773e81772a0c9fc-m.webm',12,0,'D:\\xampp\\htdocs\\audienciadigitalfinal/upload/12/404b621f79e53644f773e81772a0c9fc-m.webm'),(1149,'a59d5354e5d8ab0abed7d6232fa3f335-m.webm',12,0,'D:\\xampp\\htdocs\\audienciadigitalfinal/upload/12/a59d5354e5d8ab0abed7d6232fa3f335-m.webm'),(1150,'123ec1903c0f9fb4ce5ddf19a62164a2-m.webm',12,0,'D:\\xampp\\htdocs\\audienciadigitalfinal/upload/12/123ec1903c0f9fb4ce5ddf19a62164a2-m.webm'),(1151,'1677e30e9e89685873104e4609395298-m.webm',12,0,'D:\\xampp\\htdocs\\audienciadigitalfinal/upload/12/1677e30e9e89685873104e4609395298-m.webm'),(1152,'df5183e41e93147a73393fa0e105d85b-m.webm',12,0,'D:\\xampp\\htdocs\\audienciadigitalfinal/upload/12/df5183e41e93147a73393fa0e105d85b-m.webm'),(1153,'2cb49980996c7cbcdf456dc53698cebc-m.webm',12,0,'D:\\xampp\\htdocs\\audienciadigitalfinal/upload/12/2cb49980996c7cbcdf456dc53698cebc-m.webm'),(1154,'ad536ebd0d90f33d1f73130e1e455a0e-m.webm',12,0,'D:\\xampp\\htdocs\\audienciadigitalfinal/upload/12/ad536ebd0d90f33d1f73130e1e455a0e-m.webm'),(1155,'c4c1bb69ff22b858029967be38594021-m.webm',12,0,'D:\\xampp\\htdocs\\audienciadigitalfinal/upload/12/c4c1bb69ff22b858029967be38594021-m.webm'),(1156,'fea9172d605c0912598cd4b235da53d2-m.webm',12,0,'D:\\xampp\\htdocs\\audienciadigitalfinal/upload/12/fea9172d605c0912598cd4b235da53d2-m.webm'),(1157,'036aa0bb40d6eb38b742839529136c45-m.webm',12,0,'D:\\xampp\\htdocs\\audienciadigitalfinal/upload/12/036aa0bb40d6eb38b742839529136c45-m.webm'),(1158,'91815352719ea6ac76dbe10ed7248e07-m.webm',12,0,'D:\\xampp\\htdocs\\audienciadigitalfinal/upload/12/91815352719ea6ac76dbe10ed7248e07-m.webm'),(1159,'a0bf44d7af0044c8f652c1b3a74cae2b-m.webm',12,0,'D:\\xampp\\htdocs\\audienciadigitalfinal/upload/12/a0bf44d7af0044c8f652c1b3a74cae2b-m.webm'),(1160,'5a276c6501b4f77195331c05ce3dfd1d-m.webm',12,0,'D:\\xampp\\htdocs\\audienciadigitalfinal/upload/12/5a276c6501b4f77195331c05ce3dfd1d-m.webm'),(1161,'f2884f69604cfadc12e4dfe2f4c2a572-m.webm',12,0,'D:\\xampp\\htdocs\\audienciadigitalfinal/upload/12/f2884f69604cfadc12e4dfe2f4c2a572-m.webm'),(1162,'2dd7afea704fa62a25ce1d03cda54e5d-m.webm',12,0,'D:\\xampp\\htdocs\\audienciadigitalfinal/upload/12/2dd7afea704fa62a25ce1d03cda54e5d-m.webm'),(1163,'19091b31457f5f59f105ac85bbf4d464-m.webm',12,0,'D:\\xampp\\htdocs\\audienciadigitalfinal/upload/12/19091b31457f5f59f105ac85bbf4d464-m.webm'),(1164,'e3755049b69652996bc1217afb2654ff-m.webm',12,0,'D:\\xampp\\htdocs\\audienciadigitalfinal/upload/12/e3755049b69652996bc1217afb2654ff-m.webm'),(1165,'83512bb167635ed1bde9e4f8cb47f456-m.webm',12,0,'D:\\xampp\\htdocs\\audienciadigitalfinal/upload/12/83512bb167635ed1bde9e4f8cb47f456-m.webm'),(1166,'6734cf7cc6d44d4cc5e2fba12bfac9a9-m.webm',12,0,'D:\\xampp\\htdocs\\audienciadigitalfinal/upload/12/6734cf7cc6d44d4cc5e2fba12bfac9a9-m.webm'),(1167,'a7cbf360f14e1007217bd345f9135163-m.webm',12,0,'D:\\xampp\\htdocs\\audienciadigitalfinal/upload/12/a7cbf360f14e1007217bd345f9135163-m.webm'),(1168,'41395949d48c3e0c2d7d079ef9318eb7-m.webm',12,0,'D:\\xampp\\htdocs\\audienciadigitalfinal/upload/12/41395949d48c3e0c2d7d079ef9318eb7-m.webm'),(1169,'31e6d0bb3771e581a91f2a85aa86ca10-m.webm',12,0,'D:\\xampp\\htdocs\\audienciadigitalfinal/upload/12/31e6d0bb3771e581a91f2a85aa86ca10-m.webm'),(1170,'44b627faa13fa169001c87aed929e3fd-m.webm',12,0,'D:\\xampp\\htdocs\\audienciadigitalfinal/upload/12/44b627faa13fa169001c87aed929e3fd-m.webm'),(1171,'ed8a7ff04f73b7c6a56958345b21721a-m.webm',12,0,'D:\\xampp\\htdocs\\audienciadigitalfinal/upload/12/ed8a7ff04f73b7c6a56958345b21721a-m.webm'),(1172,'aca130b8faa96f7a96757e0c00b25041-m.webm',12,0,'D:\\xampp\\htdocs\\audienciadigitalfinal/upload/12/aca130b8faa96f7a96757e0c00b25041-m.webm'),(1173,'bec0ba4212051a70963344512aa7c74b-m.webm',12,0,'D:\\xampp\\htdocs\\audienciadigitalfinal/upload/12/bec0ba4212051a70963344512aa7c74b-m.webm'),(1174,'e16aa742e4a46165691d7724b0dbae8d-m.webm',12,0,'D:\\xampp\\htdocs\\audienciadigitalfinal/upload/12/e16aa742e4a46165691d7724b0dbae8d-m.webm'),(1175,'d19530954d8085577e365f8446dde2b4-m.webm',12,0,'D:\\xampp\\htdocs\\audienciadigitalfinal/upload/12/d19530954d8085577e365f8446dde2b4-m.webm'),(1176,'b5bd0856dbe758b3145d0d986ae2039b-m.webm',12,0,'D:\\xampp\\htdocs\\audienciadigitalfinal/upload/12/b5bd0856dbe758b3145d0d986ae2039b-m.webm'),(1177,'73a9891a23ae76bd6869b558c508da04-m.webm',12,0,'D:\\xampp\\htdocs\\audienciadigitalfinal/upload/12/73a9891a23ae76bd6869b558c508da04-m.webm'),(1178,'28b7fee97af9f3d6c816004a8043515b-m.webm',12,0,'D:\\xampp\\htdocs\\audienciadigitalfinal/upload/12/28b7fee97af9f3d6c816004a8043515b-m.webm'),(1179,'a698b93ec2a882c2065d85c10f81d85e-m.webm',12,0,'D:\\xampp\\htdocs\\audienciadigitalfinal/upload/12/a698b93ec2a882c2065d85c10f81d85e-m.webm'),(1180,'4cf80fc3e17142b777a8379f01bc6611-m.webm',12,0,'D:\\xampp\\htdocs\\audienciadigitalfinal/upload/12/4cf80fc3e17142b777a8379f01bc6611-m.webm'),(1181,'afa7f803ebe5a913cefa0f5010bb33f1-m.webm',12,0,'D:\\xampp\\htdocs\\audienciadigitalfinal/upload/12/afa7f803ebe5a913cefa0f5010bb33f1-m.webm'),(1182,'dc213dc172d63bc5261bacebac6ed8ac-m.webm',12,0,'D:\\xampp\\htdocs\\audienciadigitalfinal/upload/12/dc213dc172d63bc5261bacebac6ed8ac-m.webm'),(1183,'c0a4ae3b00882b58926a320cb311539d-m.webm',12,0,'D:\\xampp\\htdocs\\audienciadigitalfinal/upload/12/c0a4ae3b00882b58926a320cb311539d-m.webm'),(1184,'2dd88ab0b1d591f36ffbb58c4a03e4d5-m.webm',12,0,'D:\\xampp\\htdocs\\audienciadigitalfinal/upload/12/2dd88ab0b1d591f36ffbb58c4a03e4d5-m.webm'),(1185,'282b8f5f62f7163d0baf876380f1b30e-m.webm',12,0,'D:\\xampp\\htdocs\\audienciadigitalfinal/upload/12/282b8f5f62f7163d0baf876380f1b30e-m.webm'),(1186,'cb3d01c9f6cdf1694b6d096215c2cb9f-m.webm',12,0,'D:\\xampp\\htdocs\\audienciadigitalfinal/upload/12/cb3d01c9f6cdf1694b6d096215c2cb9f-m.webm'),(1187,'b4b9c0a223bced3fd65119b4dbee6dd6-m.webm',12,0,'D:\\xampp\\htdocs\\audienciadigitalfinal/upload/12/b4b9c0a223bced3fd65119b4dbee6dd6-m.webm'),(1188,'9285dbeef5c9c1e21c1499a307cedf74-m.webm',12,0,'D:\\xampp\\htdocs\\audienciadigitalfinal/upload/12/9285dbeef5c9c1e21c1499a307cedf74-m.webm'),(1189,'81dbbc9d3f96af7eb1e48441c9e5079a-m.webm',12,0,'D:\\xampp\\htdocs\\audienciadigitalfinal/upload/12/81dbbc9d3f96af7eb1e48441c9e5079a-m.webm'),(1190,'8fb5f03030589b82f5775d267a65f558-m.webm',12,0,'D:\\xampp\\htdocs\\audienciadigitalfinal/upload/12/8fb5f03030589b82f5775d267a65f558-m.webm'),(1191,'ca8de38fa646799a86906b754c47071f-m.webm',12,0,'D:\\xampp\\htdocs\\audienciadigitalfinal/upload/12/ca8de38fa646799a86906b754c47071f-m.webm'),(1192,'7d6b6ee9e919c95b507a2c845d9cf034-m.webm',12,0,'D:\\xampp\\htdocs\\audienciadigitalfinal/upload/12/7d6b6ee9e919c95b507a2c845d9cf034-m.webm'),(1193,'ac261eef68e26cfbb612c714de2e2b7d-m.webm',12,0,'D:\\xampp\\htdocs\\audienciadigitalfinal/upload/12/ac261eef68e26cfbb612c714de2e2b7d-m.webm'),(1194,'52ed13210c9e98a45c7a1e2950e0d6b7-m.webm',12,0,'D:\\xampp\\htdocs\\audienciadigitalfinal/upload/12/52ed13210c9e98a45c7a1e2950e0d6b7-m.webm'),(1195,'8bb5ef1a94ccae9e4f88dd698dfebf84-m.webm',12,0,'D:\\xampp\\htdocs\\audienciadigitalfinal/upload/12/8bb5ef1a94ccae9e4f88dd698dfebf84-m.webm'),(1196,'6ad128549d55ffd5aea2c3334a4e34a8-m.webm',12,0,'D:\\xampp\\htdocs\\audienciadigitalfinal/upload/12/6ad128549d55ffd5aea2c3334a4e34a8-m.webm'),(1197,'9e9b870c8a4b6395695aa6cafe948508-m.webm',12,0,'D:\\xampp\\htdocs\\audienciadigitalfinal/upload/12/9e9b870c8a4b6395695aa6cafe948508-m.webm'),(1198,'b3a1c873bed4f17bae521643a4f327ca-m.webm',12,0,'D:\\xampp\\htdocs\\audienciadigitalfinal/upload/12/b3a1c873bed4f17bae521643a4f327ca-m.webm'),(1199,'2362ac4c99eec913eb5a67a273254cde-m.webm',12,0,'D:\\xampp\\htdocs\\audienciadigitalfinal/upload/12/2362ac4c99eec913eb5a67a273254cde-m.webm'),(1200,'f69606a1948c93b5af8f9afe6d5940c4-m.webm',12,0,'D:\\xampp\\htdocs\\audienciadigitalfinal/upload/12/f69606a1948c93b5af8f9afe6d5940c4-m.webm'),(1201,'6143857b38ce0c15d0050e284ced45d1-m.webm',12,0,'D:\\xampp\\htdocs\\audienciadigitalfinal/upload/12/6143857b38ce0c15d0050e284ced45d1-m.webm'),(1202,'80d19bb5252a8ba5091bd546001c977f-m.webm',12,0,'D:\\xampp\\htdocs\\audienciadigitalfinal/upload/12/80d19bb5252a8ba5091bd546001c977f-m.webm'),(1203,'92798e8ad50392a771721afdbb8ce642-m.webm',12,0,'D:\\xampp\\htdocs\\audienciadigitalfinal/upload/12/92798e8ad50392a771721afdbb8ce642-m.webm'),(1204,'b0d263af011ab7b54b2522e2185beed9-m.webm',12,0,'D:\\xampp\\htdocs\\audienciadigitalfinal/upload/12/b0d263af011ab7b54b2522e2185beed9-m.webm'),(1205,'399e073cddd0e738c8dd04e425c06b45-m.webm',12,0,'D:\\xampp\\htdocs\\audienciadigitalfinal/upload/12/399e073cddd0e738c8dd04e425c06b45-m.webm'),(1206,'34fcc30dee759189287e8c8f2c8dd445-m.webm',12,0,'D:\\xampp\\htdocs\\audienciadigitalfinal/upload/12/34fcc30dee759189287e8c8f2c8dd445-m.webm'),(1207,'745bc342052a2c75e9543053c2946864-m.webm',12,0,'D:\\xampp\\htdocs\\audienciadigitalfinal/upload/12/745bc342052a2c75e9543053c2946864-m.webm'),(1208,'58d287d6d577ba8b26dc09c592fe8f90-m.webm',12,0,'D:\\xampp\\htdocs\\audienciadigitalfinal/upload/12/58d287d6d577ba8b26dc09c592fe8f90-m.webm'),(1209,'b6dd847fd508ffe9c30bb67e9cec1512-m.webm',12,0,'D:\\xampp\\htdocs\\audienciadigitalfinal/upload/12/b6dd847fd508ffe9c30bb67e9cec1512-m.webm'),(1210,'42fcb188d91f734e6b80c2ed19fe060f-m.webm',12,0,'D:\\xampp\\htdocs\\audienciadigitalfinal/upload/12/42fcb188d91f734e6b80c2ed19fe060f-m.webm'),(1211,'6566ca759b742dc8e0a969f5ec4f5b4a-m.webm',12,0,'D:\\xampp\\htdocs\\audienciadigitalfinal/upload/12/6566ca759b742dc8e0a969f5ec4f5b4a-m.webm'),(1212,'cd0f286e6ac1c5f886c62f4a8d7ca4db-m.webm',12,0,'D:\\xampp\\htdocs\\audienciadigitalfinal/upload/12/cd0f286e6ac1c5f886c62f4a8d7ca4db-m.webm'),(1213,'114c78743a703129ea670453b0ccc3e3-m.webm',12,0,'D:\\xampp\\htdocs\\audienciadigitalfinal/upload/12/114c78743a703129ea670453b0ccc3e3-m.webm'),(1214,'d1950188fe2b02277ff4d12826f6783e-m.webm',12,0,'D:\\xampp\\htdocs\\audienciadigitalfinal/upload/12/d1950188fe2b02277ff4d12826f6783e-m.webm'),(1215,'2a7ad76b5bd921d658f88b384912d478-m.webm',12,0,'D:\\xampp\\htdocs\\audienciadigitalfinal/upload/12/2a7ad76b5bd921d658f88b384912d478-m.webm'),(1216,'0069df8b2f790b6e6a69e181db9c4b8b-m.webm',12,0,'D:\\xampp\\htdocs\\audienciadigitalfinal/upload/12/0069df8b2f790b6e6a69e181db9c4b8b-m.webm'),(1217,'b458a5da8f7606f50bcf4e3d8c4fa357-m.webm',12,0,'D:\\xampp\\htdocs\\audienciadigitalfinal/upload/12/b458a5da8f7606f50bcf4e3d8c4fa357-m.webm'),(1218,'2b94e59779e5ca85b8001defe2ba302e-m.webm',12,0,'D:\\xampp\\htdocs\\audienciadigitalfinal/upload/12/2b94e59779e5ca85b8001defe2ba302e-m.webm'),(1219,'e7751faa831c1812c41048158ed620b7-m.webm',12,0,'D:\\xampp\\htdocs\\audienciadigitalfinal/upload/12/e7751faa831c1812c41048158ed620b7-m.webm'),(1220,'7161c74d738901c4c1d1660f57a04a4d-m.webm',12,0,'D:\\xampp\\htdocs\\audienciadigitalfinal/upload/12/7161c74d738901c4c1d1660f57a04a4d-m.webm'),(1221,'61e0fa8de9c09eaecc69a6e3e6a8c0cc-m.webm',12,0,'D:\\xampp\\htdocs\\audienciadigitalfinal/upload/12/61e0fa8de9c09eaecc69a6e3e6a8c0cc-m.webm'),(1222,'6c3ac5569eeff0a2f93dd32827176f75-m.webm',12,0,'D:\\xampp\\htdocs\\audienciadigitalfinal/upload/12/6c3ac5569eeff0a2f93dd32827176f75-m.webm'),(1223,'010da88429a10dc3c544a949208d9cee-m.webm',12,0,'D:\\xampp\\htdocs\\audienciadigitalfinal/upload/12/010da88429a10dc3c544a949208d9cee-m.webm'),(1224,'196dc9bbd936718bdb8cfd74d1615e23-m.webm',12,0,'D:\\xampp\\htdocs\\audienciadigitalfinal/upload/12/196dc9bbd936718bdb8cfd74d1615e23-m.webm'),(1225,'a93eabcaa3ba485a89e64ec4ca46a060-m.webm',12,0,'D:\\xampp\\htdocs\\audienciadigitalfinal/upload/12/a93eabcaa3ba485a89e64ec4ca46a060-m.webm'),(1226,'bca6b114478d01a5c8007ca549d9e8fc-m.webm',12,0,'D:\\xampp\\htdocs\\audienciadigitalfinal/upload/12/bca6b114478d01a5c8007ca549d9e8fc-m.webm'),(1227,'f4b77b2020e2304e8beebf0569275e25-m.webm',12,0,'D:\\xampp\\htdocs\\audienciadigitalfinal/upload/12/f4b77b2020e2304e8beebf0569275e25-m.webm'),(1228,'7ce5e73190e9df6bae849c668eba995c-m.webm',12,0,'D:\\xampp\\htdocs\\audienciadigitalfinal/upload/12/7ce5e73190e9df6bae849c668eba995c-m.webm'),(1229,'41474934e4f267aad5ad15ce1e70c047-m.webm',12,0,'D:\\xampp\\htdocs\\audienciadigitalfinal/upload/12/41474934e4f267aad5ad15ce1e70c047-m.webm'),(1230,'ef4c958b4b582581850dde54d44a6122-m.webm',12,0,'D:\\xampp\\htdocs\\audienciadigitalfinal/upload/12/ef4c958b4b582581850dde54d44a6122-m.webm'),(1231,'a3634e16a600fe6c35aa37e03a566a36-m.webm',12,0,'D:\\xampp\\htdocs\\audienciadigitalfinal/upload/12/a3634e16a600fe6c35aa37e03a566a36-m.webm'),(1232,'e788bb80075d00866cc8707eb40347c2-m.webm',12,0,'D:\\xampp\\htdocs\\audienciadigitalfinal/upload/12/e788bb80075d00866cc8707eb40347c2-m.webm'),(1233,'15322b9f46dc5c26b58917b01793c691-m.webm',12,0,'D:\\xampp\\htdocs\\audienciadigitalfinal/upload/12/15322b9f46dc5c26b58917b01793c691-m.webm'),(1234,'c32639863b3741bd90685b33c0e030a0-m.webm',12,0,'D:\\xampp\\htdocs\\audienciadigitalfinal/upload/12/c32639863b3741bd90685b33c0e030a0-m.webm'),(1235,'df8c906daad04ee9a6821c1ff0c1a583-m.webm',12,0,'D:\\xampp\\htdocs\\audienciadigitalfinal/upload/12/df8c906daad04ee9a6821c1ff0c1a583-m.webm'),(1236,'69d29171bfcca1e775ce6ec6537f201f-m.webm',12,0,'D:\\xampp\\htdocs\\audienciadigitalfinal/upload/12/69d29171bfcca1e775ce6ec6537f201f-m.webm'),(1237,'9325755087c6611e11d681fb716abf2a-m.webm',12,0,'D:\\xampp\\htdocs\\audienciadigitalfinal/upload/12/9325755087c6611e11d681fb716abf2a-m.webm'),(1238,'b45375362acb530077f5c8317f0a43d2-m.webm',12,0,'D:\\xampp\\htdocs\\audienciadigitalfinal/upload/12/b45375362acb530077f5c8317f0a43d2-m.webm'),(1239,'8e2512eebf37b6c87a8585cf722286a8-m.webm',12,0,'D:\\xampp\\htdocs\\audienciadigitalfinal/upload/12/8e2512eebf37b6c87a8585cf722286a8-m.webm'),(1240,'08754eaee4b6b03b83711e74b6680b4a-m.webm',12,0,'D:\\xampp\\htdocs\\audienciadigitalfinal/upload/12/08754eaee4b6b03b83711e74b6680b4a-m.webm'),(1241,'335d22838a3525e75afe851656464e30-m.webm',12,0,'D:\\xampp\\htdocs\\audienciadigitalfinal/upload/12/335d22838a3525e75afe851656464e30-m.webm'),(1242,'1778bd2cf044b686224527a32caa4698-m.webm',12,0,'D:\\xampp\\htdocs\\audienciadigitalfinal/upload/12/1778bd2cf044b686224527a32caa4698-m.webm'),(1243,'1506fae5ed7328477a202b3ff9e53a5c-m.webm',12,0,'D:\\xampp\\htdocs\\audienciadigitalfinal/upload/12/1506fae5ed7328477a202b3ff9e53a5c-m.webm'),(1244,'3c7e56dfd85b96f36fdf3296499cb3a7-m.webm',12,0,'D:\\xampp\\htdocs\\audienciadigitalfinal/upload/12/3c7e56dfd85b96f36fdf3296499cb3a7-m.webm'),(1245,'67832ec21fc0d047b38d12e7413ab561-m.webm',12,0,'D:\\xampp\\htdocs\\audienciadigitalfinal/upload/12/67832ec21fc0d047b38d12e7413ab561-m.webm'),(1246,'6991cd8bff068209c1d12bcced0d80c8-m.webm',12,0,'D:\\xampp\\htdocs\\audienciadigitalfinal/upload/12/6991cd8bff068209c1d12bcced0d80c8-m.webm'),(1247,'7557d282ce29df9ea9cdf7630b2bd0d1-m.webm',12,0,'D:\\xampp\\htdocs\\audienciadigitalfinal/upload/12/7557d282ce29df9ea9cdf7630b2bd0d1-m.webm'),(1248,'eefe84c6f2af69349edcb7f7cb6c33ee-m.webm',12,0,'D:\\xampp\\htdocs\\audienciadigitalfinal/upload/12/eefe84c6f2af69349edcb7f7cb6c33ee-m.webm'),(1249,'cc9d0e0f2081602d68b5ae809ada1252-m.webm',12,0,'D:\\xampp\\htdocs\\audienciadigitalfinal/upload/12/cc9d0e0f2081602d68b5ae809ada1252-m.webm'),(1250,'aebd2239953962d53e75cbddc6d9037f-m.webm',12,0,'D:\\xampp\\htdocs\\audienciadigitalfinal/upload/12/aebd2239953962d53e75cbddc6d9037f-m.webm'),(1251,'4823d16a72b438d36099fa36c92a2273-m.webm',12,0,'D:\\xampp\\htdocs\\audienciadigitalfinal/upload/12/4823d16a72b438d36099fa36c92a2273-m.webm'),(1252,'68588353596a594626daf7f40a2bc0f8-m.webm',12,0,'D:\\xampp\\htdocs\\audienciadigitalfinal/upload/12/68588353596a594626daf7f40a2bc0f8-m.webm'),(1253,'26e7db6ce8016e53da25d5e1e2c5d28f-m.webm',12,0,'D:\\xampp\\htdocs\\audienciadigitalfinal/upload/12/26e7db6ce8016e53da25d5e1e2c5d28f-m.webm'),(1254,'e53704f8a03963cad2562ec3777a374b-m.webm',12,0,'D:\\xampp\\htdocs\\audienciadigitalfinal/upload/12/e53704f8a03963cad2562ec3777a374b-m.webm'),(1255,'2ddd4e455c7681ae00a7ab9167d1fa4f-m.webm',12,0,'D:\\xampp\\htdocs\\audienciadigitalfinal/upload/12/2ddd4e455c7681ae00a7ab9167d1fa4f-m.webm'),(1256,'ed7cc9aca13f07cf91d58879317d10fa-m.webm',12,0,'D:\\xampp\\htdocs\\audienciadigitalfinal/upload/12/ed7cc9aca13f07cf91d58879317d10fa-m.webm'),(1257,'adbb4f1ca5faf3c12088bae3ba46315b-m.webm',12,0,'D:\\xampp\\htdocs\\audienciadigitalfinal/upload/12/adbb4f1ca5faf3c12088bae3ba46315b-m.webm'),(1258,'0fb6cfeb2038a86976fca59e9005fb42-m.webm',12,0,'D:\\xampp\\htdocs\\audienciadigitalfinal/upload/12/0fb6cfeb2038a86976fca59e9005fb42-m.webm'),(1259,'ee5005d70e471c291c31f0021469869c-m.webm',12,0,'D:\\xampp\\htdocs\\audienciadigitalfinal/upload/12/ee5005d70e471c291c31f0021469869c-m.webm'),(1260,'c089019e9cb228b6d69ce35fabeb3d85-m.webm',12,0,'D:\\xampp\\htdocs\\audienciadigitalfinal/upload/12/c089019e9cb228b6d69ce35fabeb3d85-m.webm'),(1261,'d3a74506e0d86f09f24eac1177d1f232-m.webm',12,0,'D:\\xampp\\htdocs\\audienciadigitalfinal/upload/12/d3a74506e0d86f09f24eac1177d1f232-m.webm'),(1262,'0e388610fac617140934fc6b178413be-m.webm',12,0,'D:\\xampp\\htdocs\\audienciadigitalfinal/upload/12/0e388610fac617140934fc6b178413be-m.webm'),(1263,'1425ac24f2ff8199d96c65fd1f414c11-m.webm',12,0,'D:\\xampp\\htdocs\\audienciadigitalfinal/upload/12/1425ac24f2ff8199d96c65fd1f414c11-m.webm'),(1264,'6fd29f126b2cefa8f1f23f49e9fbd3f8-m.webm',12,0,'D:\\xampp\\htdocs\\audienciadigitalfinal/upload/12/6fd29f126b2cefa8f1f23f49e9fbd3f8-m.webm'),(1265,'a423e69e6e03577b3a6827457cd1a986-m.webm',12,0,'D:\\xampp\\htdocs\\audienciadigitalfinal/upload/12/a423e69e6e03577b3a6827457cd1a986-m.webm'),(1266,'2fe79a649c8893f34f7b6d72d1ec25e0-m.webm',12,0,'D:\\xampp\\htdocs\\audienciadigitalfinal/upload/12/2fe79a649c8893f34f7b6d72d1ec25e0-m.webm'),(1267,'c024845d4f1b762897fc367bec2e1fa4-m.webm',12,0,'D:\\xampp\\htdocs\\audienciadigitalfinal/upload/12/c024845d4f1b762897fc367bec2e1fa4-m.webm'),(1268,'8b3a75d7935c0650a57921b17dc6d633-m.webm',12,0,'D:\\xampp\\htdocs\\audienciadigitalfinal/upload/12/8b3a75d7935c0650a57921b17dc6d633-m.webm'),(1269,'b8d277732fd2b4fffa5ad195229fdcfe-m.webm',12,0,'D:\\xampp\\htdocs\\audienciadigitalfinal/upload/12/b8d277732fd2b4fffa5ad195229fdcfe-m.webm'),(1270,'a6e3b8543a3221a7093adc6bacdfcc9e-m.webm',12,0,'D:\\xampp\\htdocs\\audienciadigitalfinal/upload/12/a6e3b8543a3221a7093adc6bacdfcc9e-m.webm'),(1271,'1a97b7915222770dd8d1a75ef8fa6ca1-m.webm',12,0,'D:\\xampp\\htdocs\\audienciadigitalfinal/upload/12/1a97b7915222770dd8d1a75ef8fa6ca1-m.webm'),(1272,'af96298a69e14721fed4455765470cf0-m.webm',12,0,'D:\\xampp\\htdocs\\audienciadigitalfinal/upload/12/af96298a69e14721fed4455765470cf0-m.webm'),(1273,'1dd1d6bd55650d9d2a54019d6ac665f5-m.webm',12,0,'D:\\xampp\\htdocs\\audienciadigitalfinal/upload/12/1dd1d6bd55650d9d2a54019d6ac665f5-m.webm'),(1274,'218a74178e495dce06788afa14ec747e-m.webm',12,0,'D:\\xampp\\htdocs\\audienciadigitalfinal/upload/12/218a74178e495dce06788afa14ec747e-m.webm'),(1275,'9f59784a9daa5363e25f30ba7ad9427f-m.webm',12,0,'D:\\xampp\\htdocs\\audienciadigitalfinal/upload/12/9f59784a9daa5363e25f30ba7ad9427f-m.webm'),(1276,'81773de630c5dd0434cc85d72f89f605-m.webm',12,0,'D:\\xampp\\htdocs\\audienciadigitalfinal/upload/12/81773de630c5dd0434cc85d72f89f605-m.webm'),(1277,'e01c137b6c6be65921eb837bac48af83-m.webm',12,0,'D:\\xampp\\htdocs\\audienciadigitalfinal/upload/12/e01c137b6c6be65921eb837bac48af83-m.webm'),(1278,'9a393c21b5906dbec22cc430569f2647-m.webm',12,0,'D:\\xampp\\htdocs\\audienciadigitalfinal/upload/12/9a393c21b5906dbec22cc430569f2647-m.webm'),(1279,'2ebaa8e3355d57b220714c6254347c08-m.webm',12,0,'D:\\xampp\\htdocs\\audienciadigitalfinal/upload/12/2ebaa8e3355d57b220714c6254347c08-m.webm'),(1280,'65f1ef42864ad8c78bfcc8bda76ed773-m.webm',12,0,'D:\\xampp\\htdocs\\audienciadigitalfinal/upload/12/65f1ef42864ad8c78bfcc8bda76ed773-m.webm'),(1281,'29f80ebd88312996cb857533bcf17122-m.webm',12,0,'D:\\xampp\\htdocs\\audienciadigitalfinal/upload/12/29f80ebd88312996cb857533bcf17122-m.webm'),(1282,'aaf8a018fdfa9e71f14e5d0fb9c1e29d-m.webm',12,0,'D:\\xampp\\htdocs\\audienciadigitalfinal/upload/12/aaf8a018fdfa9e71f14e5d0fb9c1e29d-m.webm'),(1283,'024ce4dc398fe52b3f55cf5aae4c7cf8-m.webm',12,0,'D:\\xampp\\htdocs\\audienciadigitalfinal/upload/12/024ce4dc398fe52b3f55cf5aae4c7cf8-m.webm'),(1284,'3e51ec144423d1eb7ea95f3eb8072af7-m.webm',12,0,'D:\\xampp\\htdocs\\audienciadigitalfinal/upload/12/3e51ec144423d1eb7ea95f3eb8072af7-m.webm'),(1285,'5bc5e21bba9463c6019d0c79aa942a8c-m.webm',12,0,'D:\\xampp\\htdocs\\audienciadigitalfinal/upload/12/5bc5e21bba9463c6019d0c79aa942a8c-m.webm'),(1286,'2c523b1a25c2d460fc643cb8ab6e49de-m.webm',12,0,'D:\\xampp\\htdocs\\audienciadigitalfinal/upload/12/2c523b1a25c2d460fc643cb8ab6e49de-m.webm'),(1287,'e3ce8d4f59e9ca091526c19368ef702f-m.webm',12,0,'D:\\xampp\\htdocs\\audienciadigitalfinal/upload/12/e3ce8d4f59e9ca091526c19368ef702f-m.webm'),(1288,'2b6be59a7f5887120a86c78b99e93018-m.webm',12,0,'D:\\xampp\\htdocs\\audienciadigitalfinal/upload/12/2b6be59a7f5887120a86c78b99e93018-m.webm'),(1289,'10ce432beb00ec6251fbe15842e91648-m.webm',12,0,'D:\\xampp\\htdocs\\audienciadigitalfinal/upload/12/10ce432beb00ec6251fbe15842e91648-m.webm'),(1290,'55ba426edd997812324b92dcca94716c-m.webm',12,0,'D:\\xampp\\htdocs\\audienciadigitalfinal/upload/12/55ba426edd997812324b92dcca94716c-m.webm'),(1291,'c2923a8761964424b1660dd4aa3b7912-m.webm',12,0,'D:\\xampp\\htdocs\\audienciadigitalfinal/upload/12/c2923a8761964424b1660dd4aa3b7912-m.webm'),(1292,'f34c747507ed4909382a59eead3b52d9-m.webm',12,0,'D:\\xampp\\htdocs\\audienciadigitalfinal/upload/12/f34c747507ed4909382a59eead3b52d9-m.webm'),(1293,'a8ef00283dd260a5fae9339c37d7ead8-m.webm',12,0,'D:\\xampp\\htdocs\\audienciadigitalfinal/upload/12/a8ef00283dd260a5fae9339c37d7ead8-m.webm'),(1294,'940b6e41bda0d43cbd9becff21723946-m.webm',12,0,'D:\\xampp\\htdocs\\audienciadigitalfinal/upload/12/940b6e41bda0d43cbd9becff21723946-m.webm'),(1295,'fe7cf6d1fcf176d076173cbf935fa4e8-m.webm',12,0,'D:\\xampp\\htdocs\\audienciadigitalfinal/upload/12/fe7cf6d1fcf176d076173cbf935fa4e8-m.webm'),(1296,'4f2fbd0eaebfede1a308dab4273c1e4f-m.webm',12,0,'D:\\xampp\\htdocs\\audienciadigitalfinal/upload/12/4f2fbd0eaebfede1a308dab4273c1e4f-m.webm'),(1297,'311be34bf69390a7652dd0baf1418ac0-m.webm',12,0,'D:\\xampp\\htdocs\\audienciadigitalfinal/upload/12/311be34bf69390a7652dd0baf1418ac0-m.webm'),(1298,'3917cfe0b7ab3f540bbdcc5abb5a13db-m.webm',12,0,'D:\\xampp\\htdocs\\audienciadigitalfinal/upload/12/3917cfe0b7ab3f540bbdcc5abb5a13db-m.webm'),(1299,'917a82763cc09a624b18acb04d52dc51-m.webm',12,0,'D:\\xampp\\htdocs\\audienciadigitalfinal/upload/12/917a82763cc09a624b18acb04d52dc51-m.webm'),(1300,'773017fe3692caa3b38e4021d14b32fb-m.webm',12,0,'D:\\xampp\\htdocs\\audienciadigitalfinal/upload/12/773017fe3692caa3b38e4021d14b32fb-m.webm'),(1301,'11c996a160a7aca08cbffebe1d83ca0f-m.webm',12,0,'D:\\xampp\\htdocs\\audienciadigitalfinal/upload/12/11c996a160a7aca08cbffebe1d83ca0f-m.webm'),(1302,'3c028c098d73466c8f9327aa431cd4ba-m.webm',12,0,'D:\\xampp\\htdocs\\audienciadigitalfinal/upload/12/3c028c098d73466c8f9327aa431cd4ba-m.webm'),(1303,'006adfd4023dfd12c597b7a44a7e81dd-m.webm',12,0,'D:\\xampp\\htdocs\\audienciadigitalfinal/upload/12/006adfd4023dfd12c597b7a44a7e81dd-m.webm'),(1304,'58fdd209bf0cc3037797de63883acd83-m.webm',12,0,'D:\\xampp\\htdocs\\audienciadigitalfinal/upload/12/58fdd209bf0cc3037797de63883acd83-m.webm'),(1305,'1f42561d6bbdaa1e358c5d8308af114e-m.webm',12,0,'D:\\xampp\\htdocs\\audienciadigitalfinal/upload/12/1f42561d6bbdaa1e358c5d8308af114e-m.webm'),(1306,'44225e5de6dabab60733970926289d8d-m.webm',12,0,'D:\\xampp\\htdocs\\audienciadigitalfinal/upload/12/44225e5de6dabab60733970926289d8d-m.webm'),(1307,'7d4f2a3532d2722d90292b7dcdb7a3e7-m.webm',12,0,'D:\\xampp\\htdocs\\audienciadigitalfinal/upload/12/7d4f2a3532d2722d90292b7dcdb7a3e7-m.webm'),(1308,'cf58d12a6ce7a94c5c3291e2b0940469-m.webm',12,0,'D:\\xampp\\htdocs\\audienciadigitalfinal/upload/12/cf58d12a6ce7a94c5c3291e2b0940469-m.webm'),(1309,'4a0e0bf12b4f571f0807457f457d3eb4-m.webm',12,0,'D:\\xampp\\htdocs\\audienciadigitalfinal/upload/12/4a0e0bf12b4f571f0807457f457d3eb4-m.webm'),(1310,'e86ba5487eec8772a18ac5dc38448dae-m.webm',12,0,'D:\\xampp\\htdocs\\audienciadigitalfinal/upload/12/e86ba5487eec8772a18ac5dc38448dae-m.webm'),(1311,'9e9def31c259e03c3b084ee490d98cd9-m.webm',12,0,'D:\\xampp\\htdocs\\audienciadigitalfinal/upload/12/9e9def31c259e03c3b084ee490d98cd9-m.webm'),(1312,'2d9fa51fd2002802d8b32f09af287a51-m.webm',12,0,'D:\\xampp\\htdocs\\audienciadigitalfinal/upload/12/2d9fa51fd2002802d8b32f09af287a51-m.webm'),(1313,'97f79c810ad934761168acd934a9971e-m.webm',12,0,'D:\\xampp\\htdocs\\audienciadigitalfinal/upload/12/97f79c810ad934761168acd934a9971e-m.webm'),(1314,'71cfcafcead99f3c0c0809ed8a3aec1e-m.webm',12,0,'D:\\xampp\\htdocs\\audienciadigitalfinal/upload/12/71cfcafcead99f3c0c0809ed8a3aec1e-m.webm'),(1315,'cf36f5bb6e6506ff05ad90e71433998d-m.webm',12,0,'D:\\xampp\\htdocs\\audienciadigitalfinal/upload/12/cf36f5bb6e6506ff05ad90e71433998d-m.webm'),(1316,'f6be692b3fe6373a3cca124795e6a8f4-m.webm',12,0,'D:\\xampp\\htdocs\\audienciadigitalfinal/upload/12/f6be692b3fe6373a3cca124795e6a8f4-m.webm'),(1317,'ec2092d2ce7bda848c06a78e7e02f9f4-m.webm',12,0,'D:\\xampp\\htdocs\\audienciadigitalfinal/upload/12/ec2092d2ce7bda848c06a78e7e02f9f4-m.webm'),(1318,'12913ef324dea15d63aa787b14cf94b2-m.webm',12,0,'D:\\xampp\\htdocs\\audienciadigitalfinal/upload/12/12913ef324dea15d63aa787b14cf94b2-m.webm'),(1319,'6bb9d3c65e3ff9996bbb1a2585c84ca3-m.webm',12,0,'D:\\xampp\\htdocs\\audienciadigitalfinal/upload/12/6bb9d3c65e3ff9996bbb1a2585c84ca3-m.webm'),(1320,'93d138fb8c1b2c87ba2dd9823a43bce9-m.webm',12,0,'D:\\xampp\\htdocs\\audienciadigitalfinal/upload/12/93d138fb8c1b2c87ba2dd9823a43bce9-m.webm'),(1321,'dfb10fcfa6c8719b2a034177f0e6d287-m.webm',12,0,'D:\\xampp\\htdocs\\audienciadigitalfinal/upload/12/dfb10fcfa6c8719b2a034177f0e6d287-m.webm'),(1322,'95ac1272d081f68a40c76d7d0ab8e28f-m.webm',12,0,'D:\\xampp\\htdocs\\audienciadigitalfinal/upload/12/95ac1272d081f68a40c76d7d0ab8e28f-m.webm'),(1323,'5a91852fbfb0cb57ada8fecedd941f8c-m.webm',12,0,'D:\\xampp\\htdocs\\audienciadigitalfinal/upload/12/5a91852fbfb0cb57ada8fecedd941f8c-m.webm'),(1324,'002c0e1a220f48896d5f26bec89cc041-m.webm',12,0,'D:\\xampp\\htdocs\\audienciadigitalfinal/upload/12/002c0e1a220f48896d5f26bec89cc041-m.webm'),(1325,'76d3a59ce629420191f9d0d00be32169-m.webm',12,0,'D:\\xampp\\htdocs\\audienciadigitalfinal/upload/12/76d3a59ce629420191f9d0d00be32169-m.webm'),(1326,'0dee7618a6b2b2b45408efadf1e00632-m.webm',12,0,'D:\\xampp\\htdocs\\audienciadigitalfinal/upload/12/0dee7618a6b2b2b45408efadf1e00632-m.webm'),(1327,'01e8b073f49f608f2ae3b9e8c0a57335-m.webm',12,0,'D:\\xampp\\htdocs\\audienciadigitalfinal/upload/12/01e8b073f49f608f2ae3b9e8c0a57335-m.webm'),(1328,'537d66ae249d36a24fed22a39caf9f97-m.webm',12,0,'D:\\xampp\\htdocs\\audienciadigitalfinal/upload/12/537d66ae249d36a24fed22a39caf9f97-m.webm'),(1329,'5d7c115f63ed212cc49bb3ac5504da5a-m.webm',12,0,'D:\\xampp\\htdocs\\audienciadigitalfinal/upload/12/5d7c115f63ed212cc49bb3ac5504da5a-m.webm'),(1330,'c05286fc00e137c7e6450b11982f3332-m.webm',50,0,'/home/ulisses/Desenvolvimento/php/audienciadigitalfinal/upload/50/c05286fc00e137c7e6450b11982f3332-m.webm'),(1331,'35da62ea6bdc718d54b5d5aee6cce194-m.webm',50,0,'/home/ulisses/Desenvolvimento/php/audienciadigitalfinal/upload/50/35da62ea6bdc718d54b5d5aee6cce194-m.webm'),(1332,'e6e90dfa38f472fc3933b0736d444a64-m.webm',50,0,'/home/ulisses/Desenvolvimento/php/audienciadigitalfinal/upload/50/e6e90dfa38f472fc3933b0736d444a64-m.webm'),(1333,'5a5966b91e113ecc08f893ed438c42fd-m.webm',50,0,'/home/ulisses/Desenvolvimento/php/audienciadigitalfinal/upload/50/5a5966b91e113ecc08f893ed438c42fd-m.webm'),(1334,'6f3db6327ccba457818ec63e801731f9-m.webm',50,0,'/home/ulisses/Desenvolvimento/php/audienciadigitalfinal/upload/50/6f3db6327ccba457818ec63e801731f9-m.webm'),(1335,'c0389f0df9c61b043010b17f76c433b8-m.webm',50,0,'/home/ulisses/Desenvolvimento/php/audienciadigitalfinal/upload/50/c0389f0df9c61b043010b17f76c433b8-m.webm'),(1336,'a3f643f53268d216664adf0e62bd24aa-m.webm',50,0,'/home/ulisses/Desenvolvimento/php/audienciadigitalfinal/upload/50/a3f643f53268d216664adf0e62bd24aa-m.webm'),(1337,'674d809e1411f30e57b819d537faf461-m.webm',50,0,'/home/ulisses/Desenvolvimento/php/audienciadigitalfinal/upload/50/674d809e1411f30e57b819d537faf461-m.webm'),(1338,'216e41bc5343c3011e7f32d72b761dea-m.webm',50,0,'/home/ulisses/Desenvolvimento/php/audienciadigitalfinal/upload/50/216e41bc5343c3011e7f32d72b761dea-m.webm'),(1339,'d4a90ed420aab0019da64d8cadb02546-m.webm',50,0,'/home/ulisses/Desenvolvimento/php/audienciadigitalfinal/upload/50/d4a90ed420aab0019da64d8cadb02546-m.webm'),(1340,'7baf9de1a70f32b08f3f4c5f0fe39933-m.webm',50,0,'/home/ulisses/Desenvolvimento/php/audienciadigitalfinal/upload/50/7baf9de1a70f32b08f3f4c5f0fe39933-m.webm'),(1341,'239d6119b54ba34898e5434c473ee2a5-m.webm',50,0,'/home/ulisses/Desenvolvimento/php/audienciadigitalfinal/upload/50/239d6119b54ba34898e5434c473ee2a5-m.webm'),(1342,'ae45decf832bcdf1fd280e4b8e622ab4-m.webm',50,0,'/home/ulisses/Desenvolvimento/php/audienciadigitalfinal/upload/50/ae45decf832bcdf1fd280e4b8e622ab4-m.webm'),(1343,'69e3d761146caab586478bcb4a6114a9-m.webm',50,0,'/home/ulisses/Desenvolvimento/php/audienciadigitalfinal/upload/50/69e3d761146caab586478bcb4a6114a9-m.webm'),(1344,'4d6c75546cbf0bc130eb0110f91ba3a6-m.webm',50,0,'/home/ulisses/Desenvolvimento/php/audienciadigitalfinal/upload/50/4d6c75546cbf0bc130eb0110f91ba3a6-m.webm'),(1345,'48e7a506de7efa376968b9c5096a1bd4-m.webm',50,0,'/home/ulisses/Desenvolvimento/php/audienciadigitalfinal/upload/50/48e7a506de7efa376968b9c5096a1bd4-m.webm'),(1346,'16f1d0ba8ad10929d6ed8d6510d5d6ef-m.webm',50,0,'/home/ulisses/Desenvolvimento/php/audienciadigitalfinal/upload/50/16f1d0ba8ad10929d6ed8d6510d5d6ef-m.webm'),(1347,'ffe9d07ba42b3af35bfd0bc410b642d1-m.webm',50,0,'/home/ulisses/Desenvolvimento/php/audienciadigitalfinal/upload/50/ffe9d07ba42b3af35bfd0bc410b642d1-m.webm'),(1348,'3b18c8ec9974049eab47371aeddcc7b6-m.webm',50,0,'/home/ulisses/Desenvolvimento/php/audienciadigitalfinal/upload/50/3b18c8ec9974049eab47371aeddcc7b6-m.webm'),(1349,'cf5239859f3a15ba251d8e88c30e329e-m.webm',50,0,'/home/ulisses/Desenvolvimento/php/audienciadigitalfinal/upload/50/cf5239859f3a15ba251d8e88c30e329e-m.webm'),(1350,'0e5bb37461c327de61e45b7d4b9a7148-m.webm',50,0,'/home/ulisses/Desenvolvimento/php/audienciadigitalfinal/upload/50/0e5bb37461c327de61e45b7d4b9a7148-m.webm'),(1351,'feae8bba4017331c557e592f5b51536a-m.webm',50,0,'/home/ulisses/Desenvolvimento/php/audienciadigitalfinal/upload/50/feae8bba4017331c557e592f5b51536a-m.webm'),(1352,'4408fcb3603aa30546ad353942aa1b8c-m.webm',50,0,'/home/ulisses/Desenvolvimento/php/audienciadigitalfinal/upload/50/4408fcb3603aa30546ad353942aa1b8c-m.webm'),(1353,'5f36749a97fbe6e7073df1714d17010f-m.webm',50,0,'/home/ulisses/Desenvolvimento/php/audienciadigitalfinal/upload/50/5f36749a97fbe6e7073df1714d17010f-m.webm'),(1354,'847f46e16389895450d3f8b497f54b14-m.webm',50,0,'/home/ulisses/Desenvolvimento/php/audienciadigitalfinal/upload/50/847f46e16389895450d3f8b497f54b14-m.webm'),(1355,'77bbdab99e2d799149dae984ede877cb-m.webm',50,0,'/home/ulisses/Desenvolvimento/php/audienciadigitalfinal/upload/50/77bbdab99e2d799149dae984ede877cb-m.webm'),(1356,'83f5e88c6ed87393ecde0c7ec89c4f1d-m.webm',50,0,'/home/ulisses/Desenvolvimento/php/audienciadigitalfinal/upload/50/83f5e88c6ed87393ecde0c7ec89c4f1d-m.webm'),(1357,'a45310ac20b0a1c93b36cfb70e50b437-m.webm',50,0,'/home/ulisses/Desenvolvimento/php/audienciadigitalfinal/upload/50/a45310ac20b0a1c93b36cfb70e50b437-m.webm'),(1358,'2e8d0d1a597146e40a50e9b069a2233f-m.webm',50,0,'/home/ulisses/Desenvolvimento/php/audienciadigitalfinal/upload/50/2e8d0d1a597146e40a50e9b069a2233f-m.webm'),(1359,'d95ffd8d8395f262157497bc0dce11a5-m.webm',50,0,'/home/ulisses/Desenvolvimento/php/audienciadigitalfinal/upload/50/d95ffd8d8395f262157497bc0dce11a5-m.webm'),(1360,'32081dfc1b1fa51734dac1693fe6c950-m.webm',50,0,'/home/ulisses/Desenvolvimento/php/audienciadigitalfinal/upload/50/32081dfc1b1fa51734dac1693fe6c950-m.webm'),(1361,'805db62775de6413304199648c4c0e36-m.webm',50,0,'/home/ulisses/Desenvolvimento/php/audienciadigitalfinal/upload/50/805db62775de6413304199648c4c0e36-m.webm'),(1362,'cc82cba855b58a467ca2768268e39295-m.webm',50,0,'/home/ulisses/Desenvolvimento/php/audienciadigitalfinal/upload/50/cc82cba855b58a467ca2768268e39295-m.webm'),(1363,'641d2481a2382a7d3ae2ee18a9b59e77-m.webm',50,0,'/home/ulisses/Desenvolvimento/php/audienciadigitalfinal/upload/50/641d2481a2382a7d3ae2ee18a9b59e77-m.webm'),(1364,'0a7e90f16a780d2e7f551b4868887311-m.webm',50,0,'/home/ulisses/Desenvolvimento/php/audienciadigitalfinal/upload/50/0a7e90f16a780d2e7f551b4868887311-m.webm'),(1365,'c797444f8132647552727bb3943eba33-m.webm',50,0,'/home/ulisses/Desenvolvimento/php/audienciadigitalfinal/upload/50/c797444f8132647552727bb3943eba33-m.webm'),(1366,'8ea20f4fa772c20dc86c8407f325d523-m.webm',50,0,'/home/ulisses/Desenvolvimento/php/audienciadigitalfinal/upload/50/8ea20f4fa772c20dc86c8407f325d523-m.webm'),(1367,'fe6b15e9fe7b8ae4c3abe9cffb538c9b-m.webm',50,0,'/home/ulisses/Desenvolvimento/php/audienciadigitalfinal/upload/50/fe6b15e9fe7b8ae4c3abe9cffb538c9b-m.webm'),(1368,'dae794f81679aa5b5e809a1ae44ea702-m.webm',50,0,'/home/ulisses/Desenvolvimento/php/audienciadigitalfinal/upload/50/dae794f81679aa5b5e809a1ae44ea702-m.webm'),(1369,'c406682d544e9294d224dc08e8f1c3c6-m.webm',50,0,'/home/ulisses/Desenvolvimento/php/audienciadigitalfinal/upload/50/c406682d544e9294d224dc08e8f1c3c6-m.webm'),(1370,'561edde35c4bbe73e70d61893657bc52-m.webm',50,0,'/home/ulisses/Desenvolvimento/php/audienciadigitalfinal/upload/50/561edde35c4bbe73e70d61893657bc52-m.webm'),(1371,'d8f4f281a6c52320029dd37e4bf1f5ba-m.webm',50,0,'/home/ulisses/Desenvolvimento/php/audienciadigitalfinal/upload/50/d8f4f281a6c52320029dd37e4bf1f5ba-m.webm'),(1372,'5991b6171e9b6ac717047c583911daef-m.webm',50,0,'/home/ulisses/Desenvolvimento/php/audienciadigitalfinal/upload/50/5991b6171e9b6ac717047c583911daef-m.webm'),(1373,'4417034acafbd9fbfade02a14c69c539-m.webm',50,0,'/home/ulisses/Desenvolvimento/php/audienciadigitalfinal/upload/50/4417034acafbd9fbfade02a14c69c539-m.webm'),(1374,'dae76e8113c2bbc74b4396f505246cc4-m.webm',50,0,'/home/ulisses/Desenvolvimento/php/audienciadigitalfinal/upload/50/dae76e8113c2bbc74b4396f505246cc4-m.webm'),(1375,'d2f18d80d6d9e668d49e36b5823024f2-m.webm',50,0,'/home/ulisses/Desenvolvimento/php/audienciadigitalfinal/upload/50/d2f18d80d6d9e668d49e36b5823024f2-m.webm'),(1376,'131117af66adfbe752b56c8a4b1be4ab-m.webm',50,0,'/home/ulisses/Desenvolvimento/php/audienciadigitalfinal/upload/50/131117af66adfbe752b56c8a4b1be4ab-m.webm'),(1377,'284191e09a86cea4cefd694e40b8c0b1-m.webm',50,0,'/home/ulisses/Desenvolvimento/php/audienciadigitalfinal/upload/50/284191e09a86cea4cefd694e40b8c0b1-m.webm'),(1378,'e9c08d45d0b92dc0059fd59ff2fca5da-m.webm',50,0,'/home/ulisses/Desenvolvimento/php/audienciadigitalfinal/upload/50/e9c08d45d0b92dc0059fd59ff2fca5da-m.webm'),(1379,'919538b2e0d16570fe842e226c30b2df-m.webm',50,0,'/home/ulisses/Desenvolvimento/php/audienciadigitalfinal/upload/50/919538b2e0d16570fe842e226c30b2df-m.webm'),(1380,'0d169e387592132e6d525e7e3a739a16-m.webm',50,0,'/home/ulisses/Desenvolvimento/php/audienciadigitalfinal/upload/50/0d169e387592132e6d525e7e3a739a16-m.webm'),(1381,'9f5fd96889ee51c02e98341efe33a76a-m.webm',50,0,'/home/ulisses/Desenvolvimento/php/audienciadigitalfinal/upload/50/9f5fd96889ee51c02e98341efe33a76a-m.webm'),(1382,'9fd391dd9ab2b20700b97a128e2bb91b-m.webm',50,0,'/home/ulisses/Desenvolvimento/php/audienciadigitalfinal/upload/50/9fd391dd9ab2b20700b97a128e2bb91b-m.webm'),(1383,'a6a8178201b2e11ad63f64d193eacaeb-m.webm',50,0,'/home/ulisses/Desenvolvimento/php/audienciadigitalfinal/upload/50/a6a8178201b2e11ad63f64d193eacaeb-m.webm'),(1384,'660385ffa8ff436b54568664eb6c5ace-m.webm',50,0,'/home/ulisses/Desenvolvimento/php/audienciadigitalfinal/upload/50/660385ffa8ff436b54568664eb6c5ace-m.webm'),(1385,'7e8d52cd5f5d3f0a359b18f12822648a-m.webm',50,0,'/home/ulisses/Desenvolvimento/php/audienciadigitalfinal/upload/50/7e8d52cd5f5d3f0a359b18f12822648a-m.webm'),(1386,'658163c5717ee9145f35fd23859103e8-m.webm',50,0,'/home/ulisses/Desenvolvimento/php/audienciadigitalfinal/upload/50/658163c5717ee9145f35fd23859103e8-m.webm'),(1387,'3b0e5ef9a36dc121a7b5921d8f9c287a-m.webm',50,0,'/home/ulisses/Desenvolvimento/php/audienciadigitalfinal/upload/50/3b0e5ef9a36dc121a7b5921d8f9c287a-m.webm'),(1388,'41d2464365a0142c6d9c1d2d258cb824-m.webm',50,0,'/home/ulisses/Desenvolvimento/php/audienciadigitalfinal/upload/50/41d2464365a0142c6d9c1d2d258cb824-m.webm'),(1389,'c0a6c3d68236ffe1be099f74111a44e9-m.webm',50,0,'/home/ulisses/Desenvolvimento/php/audienciadigitalfinal/upload/50/c0a6c3d68236ffe1be099f74111a44e9-m.webm'),(1390,'a7c0b7edc16ebb2715910f4311fcfffc-m.webm',50,0,'/home/ulisses/Desenvolvimento/php/audienciadigitalfinal/upload/50/a7c0b7edc16ebb2715910f4311fcfffc-m.webm'),(1391,'364ebde3b3745b9afb021fdecd0db495-m.webm',50,0,'/home/ulisses/Desenvolvimento/php/audienciadigitalfinal/upload/50/364ebde3b3745b9afb021fdecd0db495-m.webm'),(1392,'2fac0fefbf880fa970c277b6bba9e00e-m.webm',50,0,'/home/ulisses/Desenvolvimento/php/audienciadigitalfinal/upload/50/2fac0fefbf880fa970c277b6bba9e00e-m.webm'),(1393,'0e82c74792fdf6347a68c22e9b92d5b9-m.webm',50,0,'/home/ulisses/Desenvolvimento/php/audienciadigitalfinal/upload/50/0e82c74792fdf6347a68c22e9b92d5b9-m.webm'),(1394,'942efe3dfe4823dd9a5a6417d8ca138b-m.webm',50,0,'/home/ulisses/Desenvolvimento/php/audienciadigitalfinal/upload/50/942efe3dfe4823dd9a5a6417d8ca138b-m.webm'),(1395,'562ecdab64e7739969330a8c35c2ecbc-m.webm',50,0,'/home/ulisses/Desenvolvimento/php/audienciadigitalfinal/upload/50/562ecdab64e7739969330a8c35c2ecbc-m.webm'),(1396,'e7c2ec35f54cb54592140b93bce76d25-m.webm',50,0,'/home/ulisses/Desenvolvimento/php/audienciadigitalfinal/upload/50/e7c2ec35f54cb54592140b93bce76d25-m.webm'),(1397,'8c726c02630c531ac1dca84be895e65f-m.webm',50,0,'/home/ulisses/Desenvolvimento/php/audienciadigitalfinal/upload/50/8c726c02630c531ac1dca84be895e65f-m.webm'),(1398,'efc81dcba1d5f04999a87e567a3c577b-m.webm',50,0,'/home/ulisses/Desenvolvimento/php/audienciadigitalfinal/upload/50/efc81dcba1d5f04999a87e567a3c577b-m.webm'),(1399,'55ae03b21d5918db0ca512f11c23862a-m.webm',50,0,'/home/ulisses/Desenvolvimento/php/audienciadigitalfinal/upload/50/55ae03b21d5918db0ca512f11c23862a-m.webm'),(1400,'d6c08b6a1b07b9145957d46ff182e01f-m.webm',50,0,'/home/ulisses/Desenvolvimento/php/audienciadigitalfinal/upload/50/d6c08b6a1b07b9145957d46ff182e01f-m.webm'),(1401,'4ebeb937ca514c17a9b6ea2a6a854665-m.webm',50,0,'/home/ulisses/Desenvolvimento/php/audienciadigitalfinal/upload/50/4ebeb937ca514c17a9b6ea2a6a854665-m.webm'),(1402,'81497390faffadc65bdde3ede06d072e-m.webm',50,0,'/home/ulisses/Desenvolvimento/php/audienciadigitalfinal/upload/50/81497390faffadc65bdde3ede06d072e-m.webm'),(1403,'f12bcedf3d600b1bd250199a08d4daef-m.webm',50,0,'/home/ulisses/Desenvolvimento/php/audienciadigitalfinal/upload/50/f12bcedf3d600b1bd250199a08d4daef-m.webm'),(1404,'7b22ec437c2ad724840d84838f6ce35a-m.webm',50,0,'/home/ulisses/Desenvolvimento/php/audienciadigitalfinal/upload/50/7b22ec437c2ad724840d84838f6ce35a-m.webm'),(1405,'3ac77c2b1f763abdee9f3a3970178d22-m.webm',50,0,'/home/ulisses/Desenvolvimento/php/audienciadigitalfinal/upload/50/3ac77c2b1f763abdee9f3a3970178d22-m.webm'),(1406,'2a23e5d6ba33d287931818086d048e63-m.webm',50,0,'/home/ulisses/Desenvolvimento/php/audienciadigitalfinal/upload/50/2a23e5d6ba33d287931818086d048e63-m.webm'),(1407,'5a715ffdac30243d81cc1fb33cf56516-m.webm',50,0,'/home/ulisses/Desenvolvimento/php/audienciadigitalfinal/upload/50/5a715ffdac30243d81cc1fb33cf56516-m.webm'),(1408,'ce288aaf3dfef649bfbc1ca62c5ae6bd-m.webm',50,0,'/home/ulisses/Desenvolvimento/php/audienciadigitalfinal/upload/50/ce288aaf3dfef649bfbc1ca62c5ae6bd-m.webm'),(1409,'ad8b49407ed71bde12c1a03fae5519ab-m.webm',50,0,'/home/ulisses/Desenvolvimento/php/audienciadigitalfinal/upload/50/ad8b49407ed71bde12c1a03fae5519ab-m.webm'),(1410,'5e7e056fc6eaf83cbc71879b64745b34-m.webm',50,0,'/home/ulisses/Desenvolvimento/php/audienciadigitalfinal/upload/50/5e7e056fc6eaf83cbc71879b64745b34-m.webm'),(1411,'a1ac30a0317758dc79ef59d9f4a6a863-m.webm',50,0,'/home/ulisses/Desenvolvimento/php/audienciadigitalfinal/upload/50/a1ac30a0317758dc79ef59d9f4a6a863-m.webm'),(1412,'4cb54c6b86a737fc0960d6a1903398d0-m.webm',50,0,'/home/ulisses/Desenvolvimento/php/audienciadigitalfinal/upload/50/4cb54c6b86a737fc0960d6a1903398d0-m.webm'),(1413,'b2c55e42cb2b7722778a4ba952e0526c-m.webm',50,0,'/home/ulisses/Desenvolvimento/php/audienciadigitalfinal/upload/50/b2c55e42cb2b7722778a4ba952e0526c-m.webm'),(1414,'6d578af961b879fd4073a6aa58fa611d-m.webm',50,0,'/home/ulisses/Desenvolvimento/php/audienciadigitalfinal/upload/50/6d578af961b879fd4073a6aa58fa611d-m.webm'),(1415,'c2a4b42fcb61626a3390ba33c22db93f-m.webm',50,0,'/home/ulisses/Desenvolvimento/php/audienciadigitalfinal/upload/50/c2a4b42fcb61626a3390ba33c22db93f-m.webm'),(1416,'8f74eb7f90172806bd8486e8c79c139f-m.webm',50,0,'/home/ulisses/Desenvolvimento/php/audienciadigitalfinal/upload/50/8f74eb7f90172806bd8486e8c79c139f-m.webm'),(1417,'f99b2c0dda0e00bb42548cc811b42f9b-m.webm',50,0,'/home/ulisses/Desenvolvimento/php/audienciadigitalfinal/upload/50/f99b2c0dda0e00bb42548cc811b42f9b-m.webm'),(1418,'cbb7df5ce55dfc71c77dbd141339609a-m.webm',50,0,'/home/ulisses/Desenvolvimento/php/audienciadigitalfinal/upload/50/cbb7df5ce55dfc71c77dbd141339609a-m.webm'),(1419,'98d544a8f0414aa8a55077801fad6c93-m.webm',50,0,'/home/ulisses/Desenvolvimento/php/audienciadigitalfinal/upload/50/98d544a8f0414aa8a55077801fad6c93-m.webm'),(1420,'5a8cb088e0a33687e2d9668534223b67-m.webm',50,0,'/home/ulisses/Desenvolvimento/php/audienciadigitalfinal/upload/50/5a8cb088e0a33687e2d9668534223b67-m.webm'),(1421,'de012071508f7e33ebbdd8a2ab25f6f5-m.webm',50,0,'/home/ulisses/Desenvolvimento/php/audienciadigitalfinal/upload/50/de012071508f7e33ebbdd8a2ab25f6f5-m.webm'),(1422,'201d1b7105c520164dd9fda715035ee0-m.webm',50,0,'/home/ulisses/Desenvolvimento/php/audienciadigitalfinal/upload/50/201d1b7105c520164dd9fda715035ee0-m.webm'),(1423,'5945484a3534d1ebf71cd1d20b3f75f3-m.webm',50,0,'/home/ulisses/Desenvolvimento/php/audienciadigitalfinal/upload/50/5945484a3534d1ebf71cd1d20b3f75f3-m.webm'),(1424,'37ae02d78cd687e58d626534a08bbf2e-m.webm',50,0,'/home/ulisses/Desenvolvimento/php/audienciadigitalfinal/upload/50/37ae02d78cd687e58d626534a08bbf2e-m.webm'),(1425,'44d550bec570787796a58595e7b5a9ae-m.webm',50,0,'/home/ulisses/Desenvolvimento/php/audienciadigitalfinal/upload/50/44d550bec570787796a58595e7b5a9ae-m.webm'),(1426,'5d1f666f4d3897221f4e20275124c84f-m.webm',50,0,'/home/ulisses/Desenvolvimento/php/audienciadigitalfinal/upload/50/5d1f666f4d3897221f4e20275124c84f-m.webm'),(1427,'d2a5785d37ef562e3d4a32ded71d1f66-m.webm',50,0,'/home/ulisses/Desenvolvimento/php/audienciadigitalfinal/upload/50/d2a5785d37ef562e3d4a32ded71d1f66-m.webm'),(1428,'2b2598df50dc6e0973921e30849ba36b-m.webm',50,0,'/home/ulisses/Desenvolvimento/php/audienciadigitalfinal/upload/50/2b2598df50dc6e0973921e30849ba36b-m.webm'),(1429,'07660bbeafb420da33c22d5d2f410a4c-m.webm',50,0,'/home/ulisses/Desenvolvimento/php/audienciadigitalfinal/upload/50/07660bbeafb420da33c22d5d2f410a4c-m.webm'),(1430,'da7cd8ea54bf14531d4a01a742ef88b1-m.webm',50,0,'/home/ulisses/Desenvolvimento/php/audienciadigitalfinal/upload/50/da7cd8ea54bf14531d4a01a742ef88b1-m.webm'),(1431,'ac2d0b8552c7726614db124b3d24ec2b-m.webm',50,0,'/home/ulisses/Desenvolvimento/php/audienciadigitalfinal/upload/50/ac2d0b8552c7726614db124b3d24ec2b-m.webm'),(1432,'2eb69a30b66347cf782adc384af75f3b-m.webm',50,0,'/home/ulisses/Desenvolvimento/php/audienciadigitalfinal/upload/50/2eb69a30b66347cf782adc384af75f3b-m.webm'),(1433,'9a019cff3ad2921c0dfc9d312bc06fe0-m.webm',50,0,'/home/ulisses/Desenvolvimento/php/audienciadigitalfinal/upload/50/9a019cff3ad2921c0dfc9d312bc06fe0-m.webm'),(1434,'94d323cc0fccfec95a1c34b687fff125-m.webm',50,0,'/home/ulisses/Desenvolvimento/php/audienciadigitalfinal/upload/50/94d323cc0fccfec95a1c34b687fff125-m.webm'),(1435,'de65079e4c2cd3c06e54206be1e395cd-m.webm',50,0,'/home/ulisses/Desenvolvimento/php/audienciadigitalfinal/upload/50/de65079e4c2cd3c06e54206be1e395cd-m.webm'),(1436,'4a00b30c6ab9d4af16ada10524598d88-m.webm',50,0,'/home/ulisses/Desenvolvimento/php/audienciadigitalfinal/upload/50/4a00b30c6ab9d4af16ada10524598d88-m.webm'),(1437,'d2203868348e60798f8734c813629051-m.webm',50,0,'/home/ulisses/Desenvolvimento/php/audienciadigitalfinal/upload/50/d2203868348e60798f8734c813629051-m.webm'),(1438,'b3cb910501fda4509c2c28cc22e0547c-m.webm',50,0,'/home/ulisses/Desenvolvimento/php/audienciadigitalfinal/upload/50/b3cb910501fda4509c2c28cc22e0547c-m.webm'),(1439,'5d07b9cc7003ce919f2e3f764b24f9a5-m.webm',50,0,'/home/ulisses/Desenvolvimento/php/audienciadigitalfinal/upload/50/5d07b9cc7003ce919f2e3f764b24f9a5-m.webm'),(1440,'7070dde6327395254a9baba3aec450be-m.webm',50,0,'/home/ulisses/Desenvolvimento/php/audienciadigitalfinal/upload/50/7070dde6327395254a9baba3aec450be-m.webm'),(1441,'95f93950ea351a4ff450db68e52e0f70-m.webm',50,0,'/home/ulisses/Desenvolvimento/php/audienciadigitalfinal/upload/50/95f93950ea351a4ff450db68e52e0f70-m.webm'),(1442,'c065d559d5d687d04943e875a3dee169-m.webm',50,0,'/home/ulisses/Desenvolvimento/php/audienciadigitalfinal/upload/50/c065d559d5d687d04943e875a3dee169-m.webm'),(1443,'e1d0e39ed4b8b491b2738709a1608e51-m.webm',50,0,'/home/ulisses/Desenvolvimento/php/audienciadigitalfinal/upload/50/e1d0e39ed4b8b491b2738709a1608e51-m.webm'),(1444,'c3c4f901bc3391ff8f080aaf3b8cb8e1-m.webm',50,0,'/home/ulisses/Desenvolvimento/php/audienciadigitalfinal/upload/50/c3c4f901bc3391ff8f080aaf3b8cb8e1-m.webm'),(1445,'cadd3e9190af48849a12c4e63a26a910-m.webm',50,0,'/home/ulisses/Desenvolvimento/php/audienciadigitalfinal/upload/50/cadd3e9190af48849a12c4e63a26a910-m.webm'),(1446,'ec1780d423b255be56d6286fc89f1980-m.webm',50,0,'/home/ulisses/Desenvolvimento/php/audienciadigitalfinal/upload/50/ec1780d423b255be56d6286fc89f1980-m.webm'),(1447,'0ff974e79d01cd0d526a8f0aa4697f4c-m.webm',50,0,'/home/ulisses/Desenvolvimento/php/audienciadigitalfinal/upload/50/0ff974e79d01cd0d526a8f0aa4697f4c-m.webm'),(1448,'7f64880625536842fd17f33c358d8ea5-m.webm',50,0,'/home/ulisses/Desenvolvimento/php/audienciadigitalfinal/upload/50/7f64880625536842fd17f33c358d8ea5-m.webm'),(1449,'0267902a027e913c09c017cf687dcd71-m.webm',50,0,'/home/ulisses/Desenvolvimento/php/audienciadigitalfinal/upload/50/0267902a027e913c09c017cf687dcd71-m.webm'),(1450,'4084690945ba5e6580449442532ab01a-m.webm',50,0,'/home/ulisses/Desenvolvimento/php/audienciadigitalfinal/upload/50/4084690945ba5e6580449442532ab01a-m.webm'),(1451,'108117708c276791577e357ff707b218-m.webm',50,0,'/home/ulisses/Desenvolvimento/php/audienciadigitalfinal/upload/50/108117708c276791577e357ff707b218-m.webm'),(1452,'a0074b5ddd8f9adcc868f649f159d17c-m.webm',50,0,'/home/ulisses/Desenvolvimento/php/audienciadigitalfinal/upload/50/a0074b5ddd8f9adcc868f649f159d17c-m.webm'),(1453,'521575b5a6e10144c62f295628c243f2-m.webm',50,0,'/home/ulisses/Desenvolvimento/php/audienciadigitalfinal/upload/50/521575b5a6e10144c62f295628c243f2-m.webm'),(1454,'800644f65f7ca14b983aa6f9825b55cc-m.webm',50,0,'/home/ulisses/Desenvolvimento/php/audienciadigitalfinal/upload/50/800644f65f7ca14b983aa6f9825b55cc-m.webm'),(1455,'000bdcf9375382dd267122e10c8cef45-m.webm',50,0,'/home/ulisses/Desenvolvimento/php/audienciadigitalfinal/upload/50/000bdcf9375382dd267122e10c8cef45-m.webm'),(1456,'ef0b8bd441bb729a2a9f55cb9a726258-m.webm',50,0,'/home/ulisses/Desenvolvimento/php/audienciadigitalfinal/upload/50/ef0b8bd441bb729a2a9f55cb9a726258-m.webm'),(1457,'ddd73b54b34a5c855e7034504ece140a-m.webm',50,0,'/home/ulisses/Desenvolvimento/php/audienciadigitalfinal/upload/50/ddd73b54b34a5c855e7034504ece140a-m.webm'),(1458,'c3f70208c77581a05c431dc0eced59e5-m.webm',50,0,'/home/ulisses/Desenvolvimento/php/audienciadigitalfinal/upload/50/c3f70208c77581a05c431dc0eced59e5-m.webm'),(1459,'6f4dd11d8790f90e8b0dd2e61d25c84e-m.webm',50,0,'/home/ulisses/Desenvolvimento/php/audienciadigitalfinal/upload/50/6f4dd11d8790f90e8b0dd2e61d25c84e-m.webm'),(1460,'26b024f8b4527485ece4ba355dd29193-m.webm',50,0,'/home/ulisses/Desenvolvimento/php/audienciadigitalfinal/upload/50/26b024f8b4527485ece4ba355dd29193-m.webm'),(1461,'1415d15ef8aa77430290be25f3e13796-m.webm',50,0,'/home/ulisses/Desenvolvimento/php/audienciadigitalfinal/upload/50/1415d15ef8aa77430290be25f3e13796-m.webm'),(1462,'50269bd0314f2ebd49bc505e720a6800-m.webm',50,0,'/home/ulisses/Desenvolvimento/php/audienciadigitalfinal/upload/50/50269bd0314f2ebd49bc505e720a6800-m.webm'),(1463,'c784c9537f3b2a9f9cb65ab1ae35bc5e-m.webm',50,0,'/home/ulisses/Desenvolvimento/php/audienciadigitalfinal/upload/50/c784c9537f3b2a9f9cb65ab1ae35bc5e-m.webm'),(1464,'d78efabe683b4e2402043880e68163f8-m.webm',50,0,'/home/ulisses/Desenvolvimento/php/audienciadigitalfinal/upload/50/d78efabe683b4e2402043880e68163f8-m.webm'),(1465,'84cfbb8ab137dec2062e58e157cc7907-m.webm',50,0,'/home/ulisses/Desenvolvimento/php/audienciadigitalfinal/upload/50/84cfbb8ab137dec2062e58e157cc7907-m.webm'),(1466,'f5e1c1b5b69ed0698157469b7cbfe471-m.webm',50,0,'/home/ulisses/Desenvolvimento/php/audienciadigitalfinal/upload/50/f5e1c1b5b69ed0698157469b7cbfe471-m.webm'),(1467,'43ed9d6753ecfcaa4ee3e715f352c62a-m.webm',50,0,'/home/ulisses/Desenvolvimento/php/audienciadigitalfinal/upload/50/43ed9d6753ecfcaa4ee3e715f352c62a-m.webm'),(1468,'79c44d2ccf5bef97e15185ee96f4577b-m.webm',50,0,'/home/ulisses/Desenvolvimento/php/audienciadigitalfinal/upload/50/79c44d2ccf5bef97e15185ee96f4577b-m.webm'),(1469,'1eb052521a1a51bf1afdf91a0cf89000-m.webm',50,0,'/home/ulisses/Desenvolvimento/php/audienciadigitalfinal/upload/50/1eb052521a1a51bf1afdf91a0cf89000-m.webm'),(1470,'ce7595cb0e3b0c472d82baa1a5772136-m.webm',50,0,'/home/ulisses/Desenvolvimento/php/audienciadigitalfinal/upload/50/ce7595cb0e3b0c472d82baa1a5772136-m.webm'),(1471,'d444bdf5738817e8430986c577ebeaef-m.webm',50,0,'/home/ulisses/Desenvolvimento/php/audienciadigitalfinal/upload/50/d444bdf5738817e8430986c577ebeaef-m.webm'),(1472,'eac96cac3a64d7f119f6acf6501d1121-m.webm',50,0,'/home/ulisses/Desenvolvimento/php/audienciadigitalfinal/upload/50/eac96cac3a64d7f119f6acf6501d1121-m.webm'),(1473,'447c4e561042e2ed191cdc18caaef9c8-m.webm',50,0,'/home/ulisses/Desenvolvimento/php/audienciadigitalfinal/upload/50/447c4e561042e2ed191cdc18caaef9c8-m.webm'),(1474,'535eead4d3b62a25ac06e80a16ec05ab-m.webm',50,0,'/home/ulisses/Desenvolvimento/php/audienciadigitalfinal/upload/50/535eead4d3b62a25ac06e80a16ec05ab-m.webm'),(1475,'388ed7755e879992dad78eda348c03e0-m.webm',50,0,'/home/ulisses/Desenvolvimento/php/audienciadigitalfinal/upload/50/388ed7755e879992dad78eda348c03e0-m.webm'),(1476,'13ab7bd14060c445eddfb1c5d90dd77e-m.webm',50,0,'/home/ulisses/Desenvolvimento/php/audienciadigitalfinal/upload/50/13ab7bd14060c445eddfb1c5d90dd77e-m.webm'),(1477,'77794c4e2228dc8142ae75da5da373e7-m.webm',50,0,'/home/ulisses/Desenvolvimento/php/audienciadigitalfinal/upload/50/77794c4e2228dc8142ae75da5da373e7-m.webm'),(1478,'7ce95decab395f574934e2beeb408c5a-m.webm',50,0,'/home/ulisses/Desenvolvimento/php/audienciadigitalfinal/upload/50/7ce95decab395f574934e2beeb408c5a-m.webm'),(1479,'fb36154de6fb87d7e42dd81ddb2445e9-m.webm',50,0,'/home/ulisses/Desenvolvimento/php/audienciadigitalfinal/upload/50/fb36154de6fb87d7e42dd81ddb2445e9-m.webm'),(1480,'a24d08b8ffe225054f5bc154fc0212d8-m.webm',50,0,'/home/ulisses/Desenvolvimento/php/audienciadigitalfinal/upload/50/a24d08b8ffe225054f5bc154fc0212d8-m.webm'),(1481,'9728bf058ef7ffc25e7f1ef33998df97-m.webm',50,0,'/home/ulisses/Desenvolvimento/php/audienciadigitalfinal/upload/50/9728bf058ef7ffc25e7f1ef33998df97-m.webm'),(1482,'171d52b4d0b5c4147198f7a552c6caab-m.webm',50,0,'/home/ulisses/Desenvolvimento/php/audienciadigitalfinal/upload/50/171d52b4d0b5c4147198f7a552c6caab-m.webm'),(1483,'ba1a48ba09234c68c97413c727b752f8-m.webm',50,0,'/home/ulisses/Desenvolvimento/php/audienciadigitalfinal/upload/50/ba1a48ba09234c68c97413c727b752f8-m.webm'),(1484,'6f225ea3d379230a9eb1bec60cf9f278-m.webm',50,0,'/home/ulisses/Desenvolvimento/php/audienciadigitalfinal/upload/50/6f225ea3d379230a9eb1bec60cf9f278-m.webm'),(1485,'9587663af487d148a0740b763431f3e9-m.webm',50,0,'/home/ulisses/Desenvolvimento/php/audienciadigitalfinal/upload/50/9587663af487d148a0740b763431f3e9-m.webm'),(1486,'914abb98883b39f85f6cba8bb3e2853b-m.webm',50,0,'/home/ulisses/Desenvolvimento/php/audienciadigitalfinal/upload/50/914abb98883b39f85f6cba8bb3e2853b-m.webm'),(1487,'6fb768b02a249dca116b7efac724e125-m.webm',50,0,'/home/ulisses/Desenvolvimento/php/audienciadigitalfinal/upload/50/6fb768b02a249dca116b7efac724e125-m.webm'),(1488,'e00212a41299ea8338b7fbda35bd8bef-m.webm',50,0,'/home/ulisses/Desenvolvimento/php/audienciadigitalfinal/upload/50/e00212a41299ea8338b7fbda35bd8bef-m.webm'),(1489,'d8e87c281141f268a8e60e9715b5e7cb-m.webm',50,0,'/home/ulisses/Desenvolvimento/php/audienciadigitalfinal/upload/50/d8e87c281141f268a8e60e9715b5e7cb-m.webm'),(1490,'36ac99ee4c7b91a20447155f41621bbe-m.webm',50,0,'/home/ulisses/Desenvolvimento/php/audienciadigitalfinal/upload/50/36ac99ee4c7b91a20447155f41621bbe-m.webm');
/*!40000 ALTER TABLE `multimidia` ENABLE KEYS */;
UNLOCK TABLES;

--
-- Table structure for table `pessoa`
--

DROP TABLE IF EXISTS `pessoa`;
/*!40101 SET @saved_cs_client     = @@character_set_client */;
/*!40101 SET character_set_client = utf8 */;
CREATE TABLE `pessoa` (
  `id` int(11) NOT NULL AUTO_INCREMENT,
  `dsc_pessoa` varchar(100) NOT NULL,
  `num_cpf_pessoa` varchar(11) DEFAULT NULL,
  `id_tipo_pessoa` int(11) NOT NULL,
  PRIMARY KEY (`id`),
  KEY `fk_pessoa_tipo_pessoa1_idx` (`id_tipo_pessoa`),
  CONSTRAINT `fk_pessoa_tipo_pessoa1` FOREIGN KEY (`id_tipo_pessoa`) REFERENCES `tipo_pessoa` (`id`) ON DELETE NO ACTION ON UPDATE NO ACTION
) ENGINE=InnoDB AUTO_INCREMENT=48 DEFAULT CHARSET=utf8;
/*!40101 SET character_set_client = @saved_cs_client */;

--
-- Dumping data for table `pessoa`
--

LOCK TABLES `pessoa` WRITE;
/*!40000 ALTER TABLE `pessoa` DISABLE KEYS */;
INSERT INTO `pessoa` VALUES (25,'asdasdad',NULL,1),(30,'Leonardo',NULL,1),(31,'asdasdasd',NULL,1),(34,'Ulisses',NULL,3),(36,'Leandro Galinho',NULL,1),(37,'hkhjhkj',NULL,1),(38,'kjhkjhkhj',NULL,3),(39,'advogado',NULL,1),(40,'Ulisses',NULL,1),(41,'Leonardo',NULL,3),(42,'steiner',NULL,4),(43,'Leonardo',NULL,4),(44,'Ulisses',NULL,1),(45,'asdasda',NULL,2),(46,'asdasd',NULL,3),(47,'89898989',NULL,2);
/*!40000 ALTER TABLE `pessoa` ENABLE KEYS */;
UNLOCK TABLES;

--
-- Table structure for table `tema`
--

DROP TABLE IF EXISTS `tema`;
/*!40101 SET @saved_cs_client     = @@character_set_client */;
/*!40101 SET character_set_client = utf8 */;
CREATE TABLE `tema` (
  `id` int(11) NOT NULL AUTO_INCREMENT,
  `dsc_tema` varchar(500) NOT NULL,
  PRIMARY KEY (`id`)
) ENGINE=InnoDB AUTO_INCREMENT=23 DEFAULT CHARSET=utf8;
/*!40101 SET character_set_client = @saved_cs_client */;

--
-- Dumping data for table `tema`
--

LOCK TABLES `tema` WRITE;
/*!40000 ALTER TABLE `tema` DISABLE KEYS */;
INSERT INTO `tema` VALUES (1,'Tema 1'),(2,'Dados do depoente'),(3,'local e condições'),(4,'periodo de trabalho'),(5,'liberação de guias'),(6,'fgts'),(7,'multa do artigo 467 clt'),(8,'asdasdasdasdasd'),(9,'Ulisses Vaquero'),(10,'arthur'),(11,'Leonardo'),(12,'adadasdasdasd'),(13,'asddsdasd'),(14,'awdwdaweaweawew'),(15,'asdasdasd'),(16,'adasd'),(17,'Lamentável'),(18,'asdasd'),(19,'Equiparação Salarial'),(20,'5 dedos'),(21,'bla bla'),(22,'TAl coisa');
/*!40000 ALTER TABLE `tema` ENABLE KEYS */;
UNLOCK TABLES;

--
-- Table structure for table `tema_audiencia`
--

DROP TABLE IF EXISTS `tema_audiencia`;
/*!40101 SET @saved_cs_client     = @@character_set_client */;
/*!40101 SET character_set_client = utf8 */;
CREATE TABLE `tema_audiencia` (
  `id_tema` int(11) NOT NULL,
  `id_audiencia` int(11) NOT NULL,
  PRIMARY KEY (`id_tema`,`id_audiencia`),
  KEY `fk_tema_has_audiencia_audiencia1_idx` (`id_audiencia`),
  KEY `fk_tema_has_audiencia_tema1_idx` (`id_tema`),
  CONSTRAINT `fk_tema_has_audiencia_audiencia1` FOREIGN KEY (`id_audiencia`) REFERENCES `audiencia` (`id`) ON DELETE NO ACTION ON UPDATE NO ACTION,
  CONSTRAINT `fk_tema_has_audiencia_tema1` FOREIGN KEY (`id_tema`) REFERENCES `tema` (`id`) ON DELETE NO ACTION ON UPDATE NO ACTION
) ENGINE=InnoDB DEFAULT CHARSET=utf8;
/*!40101 SET character_set_client = @saved_cs_client */;

--
-- Dumping data for table `tema_audiencia`
--

LOCK TABLES `tema_audiencia` WRITE;
/*!40000 ALTER TABLE `tema_audiencia` DISABLE KEYS */;
INSERT INTO `tema_audiencia` VALUES (6,8),(8,8),(1,9),(5,12),(6,12),(8,12),(11,12),(12,12),(17,12),(19,12),(6,14),(20,14),(21,14),(20,15),(21,15),(12,16),(2,17),(4,17),(6,17),(22,17),(2,19),(4,19),(5,19),(6,19),(6,22),(8,53),(12,53),(15,53),(18,53),(6,55),(12,55),(15,55);
/*!40000 ALTER TABLE `tema_audiencia` ENABLE KEYS */;
UNLOCK TABLES;

--
-- Table structure for table `tipo_audiencia`
--

DROP TABLE IF EXISTS `tipo_audiencia`;
/*!40101 SET @saved_cs_client     = @@character_set_client */;
/*!40101 SET character_set_client = utf8 */;
CREATE TABLE `tipo_audiencia` (
  `id` int(11) NOT NULL AUTO_INCREMENT,
  `dsc_tipo_audiencia` varchar(100) NOT NULL,
  `flg_num_processo` int(11) NOT NULL DEFAULT '1' COMMENT 'Flag para dizer se determinado tipo de audiencia precisa do numero do processo.',
  PRIMARY KEY (`id`)
) ENGINE=InnoDB AUTO_INCREMENT=3 DEFAULT CHARSET=utf8;
/*!40101 SET character_set_client = @saved_cs_client */;

--
-- Dumping data for table `tipo_audiencia`
--

LOCK TABLES `tipo_audiencia` WRITE;
/*!40000 ALTER TABLE `tipo_audiencia` DISABLE KEYS */;
INSERT INTO `tipo_audiencia` VALUES (1,'Inicial',1),(2,'Instrução',0);
/*!40000 ALTER TABLE `tipo_audiencia` ENABLE KEYS */;
UNLOCK TABLES;

--
-- Table structure for table `tipo_pessoa`
--

DROP TABLE IF EXISTS `tipo_pessoa`;
/*!40101 SET @saved_cs_client     = @@character_set_client */;
/*!40101 SET character_set_client = utf8 */;
CREATE TABLE `tipo_pessoa` (
  `id` int(11) NOT NULL AUTO_INCREMENT,
  `dsc_tipo_pessoa` varchar(45) NOT NULL,
  PRIMARY KEY (`id`)
) ENGINE=InnoDB AUTO_INCREMENT=5 DEFAULT CHARSET=utf8;
/*!40101 SET character_set_client = @saved_cs_client */;

--
-- Dumping data for table `tipo_pessoa`
--

LOCK TABLES `tipo_pessoa` WRITE;
/*!40000 ALTER TABLE `tipo_pessoa` DISABLE KEYS */;
INSERT INTO `tipo_pessoa` VALUES (1,'Advogado Defesa'),(2,'asdasd'),(3,'Advogado Autor'),(4,'autor');
/*!40000 ALTER TABLE `tipo_pessoa` ENABLE KEYS */;
UNLOCK TABLES;

--
-- Table structure for table `usuario`
--

DROP TABLE IF EXISTS `usuario`;
/*!40101 SET @saved_cs_client     = @@character_set_client */;
/*!40101 SET character_set_client = utf8 */;
CREATE TABLE `usuario` (
  `id` int(11) NOT NULL AUTO_INCREMENT,
  `login` varchar(45) NOT NULL,
  `senha` varchar(45) NOT NULL,
  PRIMARY KEY (`id`)
) ENGINE=InnoDB AUTO_INCREMENT=2 DEFAULT CHARSET=utf8;
/*!40101 SET character_set_client = @saved_cs_client */;

--
-- Dumping data for table `usuario`
--

LOCK TABLES `usuario` WRITE;
/*!40000 ALTER TABLE `usuario` DISABLE KEYS */;
INSERT INTO `usuario` VALUES (1,'admin','123456');
/*!40000 ALTER TABLE `usuario` ENABLE KEYS */;
UNLOCK TABLES;
/*!40103 SET TIME_ZONE=@OLD_TIME_ZONE */;

/*!40101 SET SQL_MODE=@OLD_SQL_MODE */;
/*!40014 SET FOREIGN_KEY_CHECKS=@OLD_FOREIGN_KEY_CHECKS */;
/*!40014 SET UNIQUE_CHECKS=@OLD_UNIQUE_CHECKS */;
/*!40101 SET CHARACTER_SET_CLIENT=@OLD_CHARACTER_SET_CLIENT */;
/*!40101 SET CHARACTER_SET_RESULTS=@OLD_CHARACTER_SET_RESULTS */;
/*!40101 SET COLLATION_CONNECTION=@OLD_COLLATION_CONNECTION */;
/*!40111 SET SQL_NOTES=@OLD_SQL_NOTES */;

-- Dump completed on 2015-07-06 16:00:14
